sentence_id,transcription
1, ແມ່ຍິງ ໃນຄວາມຄິດຂອງຫລາຍຄົນຄົງຄິດວ່າ ເປັນເພດທີ່ອ່ອນແອບໍ່ສາມາດຊ່ວຍເຫລືອຕົນເອງ ອາໃສແຕ່ເພດຊາຍເພື່ອຄຸ້ມຄອງດູແລ
2, ແຕ່ຄວາມຄິດເຫລົ່ານີ້ຖ້າເອົາມາໃຊ້ກັບແມ່ຍິງລາວບັນດາເຜົ່າ ແມ່ນຜິດພາດທີ່ສຸດ ເພາະແມ່ຍິງລາວ ເຖີງວ່າເປັນຄົນອ່ອນຫວານນິ້ມນວນ
3, ມີຈິດໃຈໂອບເອື້ອອາລີ ແຕ່ເປັນຄົນທີ່ເຂັ້ມແຂງ ແລະ ອົດທົນຜ່ານຜ່າອຸປະສັກນາໆ ປະການ
4, ສະແດງອອກໃນສະໄໝຕໍ່ສູ້ກູ້ຊາດແມ່ຍິງລາວບັນດາເຜົ່າໃນທົ່ວປະເທດໄດ້ຄຽງບ່າຄຽງໄຫລ່ກັບເພດຊາຍ
5,ຕໍ່ສູ້ຕ້ານການຮຸກຮານຂອງພວກສັກດິນາພວກຈັກກະພັດລ່າເມືອງຂຶ້ນແບບເກົ່າ ແລະ ແບບໃໝ່ໃນສະໝໍຣະພູມຮົບຢ່າງດຸເດືອດ
6,ໜຽວແໜ້ນ ແລະ ພິລາດອາດຫານທີ່ສຸດ ເຮັດໃຫ້ເກີດມີເອື້ອຍນ້ອງກອງກໍາລັງໄຟເພດຍິງສາວຊຽງຂວາງທັງງາມ-ທັງເກັ່ງ
7,ເອື້ອຍນ້ອງຍິງຢູ່ແຂວງອື່ນໆທົ່ວປະເທດໄດ້ຮ່ວມສ້າງວິລະກໍາອັນຍິ່ງໃຫຍ່ ແລະ ເກີດມີວິລະຊົນ
8, ທີ່ໄດ້ປະກອບສ່ວນຢ່າງສົມກຽດເຂົ້າໃນການຂຽນໜ້າປະຫວັດສາດຂອງຊາດລາວ.
9,ໃນໄລຍະແຫ່ງການປົກປັກຮັກສາ ແລະ ສ້າງສາປະເທດຊາດໃນປັດຈຸບັນກໍເຊັ່ນດຽວກັນ
10,ພາຍໃຕ້ການນໍາພາ-ຊີ້ນໍາຂອງພັກ ແລະ ຄວາມເອົາໃຈໃສ່ຂອງລັດຖະບານໂດຍມີສູນກາງສະຫະພັນແມ່ຍິງລາວເປັນອົງການຈັດຕັ້ງມະຫາຊົນ
11,ເປັນຕົວແທນແຫ່ງສິດ ແລະ ຜົນປະໂຫຍດອັນຊອບທຳ ຂອງແມ່ຍິງລາວບັນດາເຜົ່າ
12,ໄດ້ປຸກລະດົມແມ່ຍິງລາວບັນດາເຜົ່າທຸກຄົນ ເດີນຕາມແນວທາງນະໂຍບາຍຂອງພັກເສີມຂະຫຍາຍມູນເຊື້ອອັນດີງາມຂອງແມ່ຍິງລາວ
13,ທີ່ເຄີຍມີມາ ແລະ ສ້າງທຸກເງື່ອນໄຂໃຫ້ແມ່ຍິງລາວໄດ້ມີຊີວິດການເປັນຢູ່ທີ່ດີຂຶ້ນທາງດ້ານວັດຖຸ ແລະ ຈິດໃຈ,
14,ຍົກສູງສິດສະເໝີພາບ ແລະ ບົດບາດຍິງ-ຊາຍທຽບເທົ່າກັນໃນທຸກດ້ານເຮັດໃຫ້ປັດຈຸບັນແມ່ຍິງລາວສາມາດເຂົ້າເຖິງການສຶກສາ
15,ສິ່ງສໍາຄັນເອື້ອຍນ້ອງແມ່ຍິງຈຳນວນບໍ່ໜ້ອຍໄດ້ກາຍເປັນນັກການເມືອງ, ນັກການທູດ, ແພດໝໍ, ອາຈານສອນ,ນັບມື້ຫລາຍຂຶ້ນ
16,ພ້ອມທັງໄດ້ຮັບຄວາມເຊື່ອຫມັ້ນຖືກມອບໝາຍໜ້າທີ່ໃນ ຂັ້ນນຳພາຄຸ້ມຄອງ ແລະ ຕັດສິນບັນຫາສຳຄັນທຸກລະດັບ
17,ນັບຕັ້ງແຕ່ຂັ້ນບ້ານຈົນຮອດການນຳຂັ້ນສູງຂອງພັກ, ສະພາແຫ່ງຊາດ ແລະ ລັດຖະບານດ້ວຍຈຳນວນທີ່ເພີ່ມຂຶ້ນທຸກປີ
18,ເຮັດໃຫ້ບົດບາດອິດທິພົນຊື່ສຽງຂອງແມ່ຍິງລາວນັບມື້ນັບສູງເດັ່ນຂຶ້ນໃນເວທີການເມືອງທັງພາຍໃນປະເທດພາກພື້ນ ແລະ ສາກົນ
19,ພັກ ແລະ ລັດຖະບານ ຍາມໃດກໍໃຫ້ຄວາມສໍາຄັນຕໍ່ບົດບາດຍິງ-ຊາຍ ກໍຄື ການໃຫ້ ແມ່ຍິງເຂົ້າໃນມີບາດບາດ
20,ໃນທຸກຂົງເຂດວຽກງານນັບມື້ເພີ່ມຂຶ້ນເພື່ອພ້ອມກັນສ້າງສາ ແລະ ພັດທະນາປະເທດຊາດໃຫ້ນັບຈະເລີນກ້າວໜ້າ
21,ນໍາເອົາປະເທດຊາດຫລຸດພົ້ນອອກຈາກປະເທດດ້ອຍພັດທະນາຕາມທີ່ໄດ້ວາງຄາດໝາຍເອົາໄວ້
22,ເພາະໃນຂະບວນການສ້າງສາ ແລະ ພັດທະນາດັ່ງກ່າວມັນຮຽກຮ້ອງຕ້ອງການຢ່າງຍິ່ງຕໍ່ຜູ້ທີ່ມີຄວາມຮູ້-ຄວາມສາມາດສູງ
23,ບໍ່ວ່າເປັນເພດຍິງ ຫຼື ຊາຍ ຈິ່ງເຮັດໃຫ້ແມ່ຍິງລາວຄືກຳລັງແຮງສັງລວມຂອງຊາດທີ່ຕັດແຍກອອກບໍ່ໄດ້ກັບກຳລັງແຮງ ທີ່ເປັນເພດຊາຍ
24,ຮຽກຮ້ອງມາຍັງບັນດາອົງການຂອງພັກ, ລັດ ແລະ ອົງການມະຫາຊົນຕ້ອງໄດ້ເພີ່ມທະ ວີຄວາມເອົາໃຈໃສ່ກໍ່ສ້າງພະນັກງານເພດຍິງ
25,ໃຫ້ມີສ່ວນຮ່ວມໃນການຕັດສິນບັນຫາຂອງຊາດໃຫ້ຫລາຍຂຶ້ນຂະນະດຽວກັນຕ້ອງຊຸກຍູ້ສົ່ງເສີມເພດຍິງໃນສັງຄົມທົ່ວໄປ
26,ບໍ່ວ່າເປັນນັກທຸລະກິດ, ຊາວຄ້າຂາຍ ຫຼື ປະຊາຊົນເຂົ້າໃນການພັດທະນາສ້າງສາປະເທດຊາດໃຫ້ທົ່ວເຖີງ
27,ເພີ່ມທະວີຄວາມເອົາໃຈໃສ່ສ້າງເງື່ອນໄຂໃຫ້ແມ່ຍິງລາວບັນດາເຜົ່າທີ່ກວມຈຳນວນ ຫລາຍກວ່າເຄິ່ງໜຶ່ງຂອງພົນລະເມືອງ
28,ທົ່ວປະເທດໄດ້ເສີມຂະຫຍາຍຄວາມຮູ້ຄວາມສາມາດ, ມີວິຊາຊີບ, ມີວຽກເຮັດງານທຳ ເຮັດໃຫ້ໃຫ້ເຂົາເຈົ້າສາມາດເຄື່ອນໄຫວ
29,ສ້າງລາຍຮັບອັນຫມັ້ນຄົງໃຫ້ຄອບຄົວ ແລະ ປະກອບສ່ວນ ເຂົ້າໃນການປົກປັກຮັກສາ ແລະ ສ້າງສາປະເທດຊາດນັບມື້ຈະເລີນກ້າວໜ້າ
30,ຮຽກຮ້ອງມາຍັງແມ່ຍິງລາວບັນດາເຜົ່າ ຈົ່ງສືບຕໍ່ພັດທະ ນາຕົນເອງຢ່າງຕໍ່ເນື່ອງທັງທາງດ້ານ ຄວາມຮູ້-ຄວາມສາມາດ
31,ຄຸນສົມບັດສິນທໍາປະຕິບັດເພື່ອເຮັດລ້ອນໜ້າທີ່ທີ່ພັກ ແລະ ລັດຖະບານມອບໝາຍໃຫ້ເພື່ອເຮັດໃຫ້ບົດບາດຄວາມຮູ້-ຄວາມສາມາດ
32,ໃຫ້ເພດຍິງນັບມື້ເທົ່າທຽມກັບເພດຊາຍພ້ອມກັນຮຽງບ່າຮຽງໄຫລ່ກັນເຂົ້າໃນພາລະກິດສ້າງສາ ແລະ ພັດທະນາປະເທດຊາດອັນແສນຮັກ
33,ທີ່ບັນພະບຸລຸດຂອງລາວເອົາຊີວິດ ແລະ ເລືອດເນື້ອເຫື່ອແຮງເພື່ອຕໍ່ສູ້ຢ່າງທໍລະຫົດອົດທົນເຕັມໄປດ້ວຍຄວາມເສຍສະຫລະ
34,ຈິ່ງສາມາດປົດປ່ອຍປະເທດຊາດຈາກແອກການປົກຄອງຂອງ ພວກຈັກກະພັດຜູ້ຮຸກຮານໄດ້ຢ່າງສະຫງ່າຜ່າເຜີຍ
35,ຜາສາດເຮືອນຫີນ ຢູ່ເມືອງໄຊພູທອງ ແຂວງສະຫວັນນະເຂດ ເປັນເປັນສະຖາປັດຕິຍະກໍາທີ່ໂດດເດັ່ນລໍ້າຄ່າ
36, ເປັນຜາສາດເຮືອນຫີນ ແຫ່ງທີ 2 ຂອງປະເທດລາວຖັດຈາກວັດພູຈໍາປາສັກ
37,ບົ່ງບອກເຖິງຄວາມມີຫົວຄິດປະດິດສ້າງຂອງປະຊາຊົນລາວໃນສະໄໝບູຮານ ແລະ ເປັນສັນຍາລັກໃຫ້ແກ່ຄົນຮຸ່ນຫຼັງ
38,ເຫັນຄວາມເປັນມາຂອງຊາດລາວ ທີ່ເປັນຊາດໜຶ່ງທີ່ມີຄວາມຈະເລີນຮຸ່ງເຮືອງສີວິໄລທາງດ້ານອະລິຍະທໍາ
39,ທີ່ບັນພະ ບຸລຸດລາວໃນແຕ່ລະຍຸກແຕ່ລະສະໄໝ ແລະ ສັກສິດມາເຖິງທຸກວັນນີ້.
40,ໃນແຕ່ລະປີ, ອົງການປົກຄອງເມືອງ ໄຊພູທອງ ໄດ້ຈັດງານສະເຫຼີມສະຫຼອງຜາສາດເຮືອນຫີນດັ່ງກ່າວ
41,ໂດຍມີແຫ່ຜາສາດເຜິ້ງ, ຮູບຈໍາລອງຜາສາດເຮືອນຫີນ, ງູຊ່ວງ, ງົວໂທນ, ເຕົ່າຄໍາ ແລະ  ຂັນໝາກເບັງໃຫຍ່
42, ເພື່ອເປັນການສັກກາລະບູຊາໃຫ້ແກ່ຜາສາດເຮືອນຫີນ ເຊີ່ງເປັນປີທີ່ 4 ທີ່ຈັດໃຫ້ມີກິດຈະກໍານີ້
43,ພາຍໃນງານ ຍັງມີການວາງສະແດງ ແລະ ຊື້ຂາຍສິນຄ້າ,ຊົມການສະແດງສິລະປະວັນນະຄະດີທີ່ສວາຍງາມ
44,ນະຄອນຫຼວງພະບາງ ແຂວງຫຼວງພະບາງໄດ້ຮັບລາງວັນເລື່ອງລາວຈຸດໝາຍປາຍທາງການທ່ອງທ່ຽວ
45,ທີ່ຍືນຍົງທີ່ດີເດັ່ນຂອງໂລກສໍາລັບປີ 2025 ໃນການບໍລິຫານຈັດການ ແລະ ຄຸ້ມຄອງຈຸດໝາຍປາຍທາງການທ່ອງທ່ຽວ”
46,ທີ່ຮັບຮູ້ເຖິງຄວາມສໍາເລັດໃນການພັດທະນາການທ່ອງທ່ຽວທີ່ຍືນຍົງ ຫຼື ການປັບປຸງຄືນໃໝ່ໃຫ້ດີຂຶ້ນ
47,ການຄຸ້ມຄອງການທ່ອງທ່ຽວ ແລະ ການຟື້ນຟູຫຼັງວິກິດການໂດຍການໃຫ້ຄະແນນຈາກທົ່ວໂລກໃນງານມະຫະກຳການທ່ອງທ່ຽວໂລກ
48,ລາງວັນດັ່ງກ່າວແມ່ນຜົນສືບເນື່ອງມາຈາກການໄດ້ຮັບລາງວັນໜຶ່ງໃນຮ້ອຍເລື່ອງລາວຈຸດໝາຍປາຍທາງການທ່ອງທ່ຽວທີ່ຍືນຍົງຂອງໂລກ
49, ຂອງອົງການທ່ອງທ່ຽວສີຂຽວໃນງານປະຊຸມຈຸດໝາຍປາຍທາງການທ່ອງທ່ຽວສີຂຽວສາກົນ ທີ່ ປະເທດຊິເລ ປີ 2024.
50,ແມ່ນໝາກຜົນຂອງຄວາມພະຍາຍາມໃນການປົກປັກຮັກສາມໍລະດົກໂລກ ແລະ ພັດທະນາການທ່ອງທ່ຽວ
51, ຂອງອົງການປົກຄອງແຂວງທີ່ເຫັນຄວາມສໍາຄັນໃນການພັດທະນາແບບຍືນຍົງ ພາຍໃນແຂວງ
52,ທັງແມ່ນຄວາມພາກພູມໃຈຂອງຊາວຫຼວງພະບາງເວົ້າລວມກໍຄືຂອງປະເທດ ເຊິ່ງເປັນການໄດ້ຮັບລາງວັນຄັ້ງທໍາອິດຂອງຊາດ
53,ຫຼວງພະບາງຈະສຸມໃສ່ປັບປຸງຕາມເງື່ອນໄຂ ແລະ ຕົວຊີ້ວັດໃນແຕ່ລະດ້ານເພື່ອສະເໜີຂໍການຢັ້ງຢືນຮັບເອົາຫຼວງພະບາງ
54,ເປັນຈຸດໝາຍປາຍທາງການທ່ອງທ່ຽວທີ່ຍືນຍົງຈາກອົງການທ່ອງທ່ຽວສີຂຽວເຊິ່ງແມ່ນອົງການນໍາໜ້າໃນດ້ານການຢັ້ງຢືນຄວາມຍືນຍົງ
55,ໃຫ້ແກ່ ຈຸດໝາຍປາຍທາງການທ່ອງທ່ຽວ ແລະ ຜູ້ປະກອບການທຸລະກິດໃນທົ່ວໂລກ ທີ່ຖືກຮັບຮອງໂດຍ ສະພາ ການທ່ອງທ່ຽວໂລກ
56,ມາດຖານຂອງຈຸດໝາຍປາຍທາງການທ່ອງທ່ຽວແບບຍືນຍົງມີການບໍລິຫານຈັດການ ແລະ ຄຸ້ມຄອງຈຸດໝາຍປາຍທາງການທ່ອງທ່ຽວ
57, ທຳມະຊາດ ແລະ ທັດສະນີຍະພາບ,ສິ່ງແວດລ້ອມ ແລະ ສະພາບອາກາດ,ວັດທະນະທຳ ແລະ ຮີດຄອງປະເພນີ
58,ຄວາມເປັນຢູ່ທີ່ດີຂອງຄົນໃນສັງຄົມ ແລະ ສຸດທ້າຍຄືການປະກອບທຸລະກິດ ແລະ ການສື່ສານເປັນຕົ້ນ
59,ປະຈຸບັນ ຍັງພົບເຫັນໝອກຄວັນມົນລະພິດ ທີ່ຍັງປົກຄຸມເຂດບໍລິເວນບ້ານຫຼັກແປດ, ຫ້ວຍພາຍ, ປົ່ງຫວ້ານ ແລະ ບ້ານທີ່ຢູ່ໃກ້ຄຽງ
60,ຈາກກໍລະນີເກີດໄຟໄໝ້ກອງຂີ້ເຫຍື້ອ ຢູ່ສະໜາມກຳຈັດຂີ້ເຫຍື້ອ ຢູ່ບ້ານຫຼັກແປດ ນະຄອນຫຼວງພະບາງ ແຂວງຫຼວງພະບາງ
61,ໝອກຄວັນ ນີ້ ໄດ້ລອງລ່ອຍປົກຄຸມທົ່ວເຂດບ້ານ ຊຶ່ງໄດ້ສົ່ງຜົນກະທົບຕໍ່ກັບຊີວິດການເປັນຢູ່ຂອງພໍ່ແມ່ປະຊາຊົນ
62,ທັງຜູ້ເຖົ້າ ແລະ ເດັກນ້ອຍ ໂດຍສະເພາະຕໍ່ລະບົບທາງເດີນຫາຍໃຈ, ດັ່ງນັ້ນ ພໍ່ແມ່ປະຊາຊົນບັນດາບ້ານ
63,ທີ່ຢູ່ໃກ້ຈຸດເກີດເຫດໄຟໄໝ້ກອງຂີ້ເຫຍື້ອໄດ້ຮຽກຮ້ອງເຖິງໜ່ວຍງານ ແລະ ພາກສ່ວນທີ່ກ່ຽວຂ້ອງໃຫ້ຮີບຮ້ອນເລັ່ງດ່ວນຊ່ວຍເຫຼືອ
64,ສະກັດກັ້ນຝຸ່ນຄວັນມົນລະພິດ ເພື່ອການເປັນຢູ່ຂອງພໍ່ແມ່ປະຊາຊົນຫຼຸດພົ້ນຄວາມສ່ຽງທາງດ້ານສຸຂະພາບ
65,ກົມອຸຕຸນິຍົມ ແລະ ອຸທົກກະສາດ ໄດ້ແຈ້ງເຕືອນພະຍາກອນອາກາດຄວາມກົດດັນອາກາດຕໍ່າຂອງອາກາດຮ້ອນ
66,ຍັງສືບຕໍ່ປົກຄຸມຢູ່ທົ່ວທຸກພາກຂອງປະເທດລາວ ດ້ວຍກໍາລັງອ່ອນ ສົມທົບກັບລົມຕາເວັນຕົກ ພັດປົກຄຸມ
67,ເຮັດໃຫ້ອາກາດຮ້ອນພ້ອມມີໝອກແຫ້ງປົກຫຸ້ມໃນຕອນກາງເວັນຢູ່ໃນແຕ່ລະພາກ ແລະ ຈະມີຝົນຕົກໃນລະດັບຄ່ອຍ
68,ນັບແຕ່ເສັ້ນທາງລົດໄຟລາວ-ຈີນໄດ້ເປີດໃຫ້ບໍລິການຈົນມາ ປີ 2025 ນີ້ໄດ້ຂົນສົ່ງຜູ້ໂດຍສານຫຼາຍກວ່າ 48 ລ້ານ 6 ແສນເທື່ອຄົນ
69,ໄດ້ຂົນສົ່ງສິນຄ້າ 54 ລ້ານໂຕນ, ໃນນັ້ນໄດ້ຂົນສົ່ງສິນຄ້າຂ້າມຊາຍແດນຫຼາຍກວ່າ 12 ລ້ານ 5 ແສນໂຕນ.
70,ໃນດ້ານການລົງເລິກການແລກປ່ຽນດ້ານວັດທະນະທຳ, ການຊຸກຍູ້ການເຊື່ອມໂຍງເຊື່ອມຈອດກັນໃນພາກພື້ນ
71,ການຊຸກຍູ້ການພັດທະນາດ້ານເສດຖະກິດລ້ວນແຕ່ໄດ້ຮັບຜົນງານອັນພົ້ນເດັ່ນໄດ້ທຸ້ມເທກຳລັງແຮງຢ່າງເຂັ້ມແຂງ
72,ເຂົ້າໃນການຮ່ວມກັນສ້າງໜຶ່ງແລວໜຶ່ງເສັ້ນທາງດ້ວຍຄຸນນະພາບສູງໃຫ້ສຳເລັດໃນໄວຍິ່ງຂຶ້ນ
73,ຂະບວນລົດໄຟສາຍດ່ວນແມ່ນ້ຳລ້ານຊ້າງ-ແມ່ນ້ຳຂອງ ທີ່ແລ່ນຕາມທາງລົດໄຟລາວ-ຈີນ ໄດ້ບັນທຸກໝາກທຸລຽນ ແລະ ໝາກກ້ວຍ
74,ພ້ອມກັນນັ້ນ, ເຄື່ອງໄຟຟ້າອັດສະລິຍະ ທີ່ຜະລິດຈາກເຂດສາມຫຼ່ຽມແມ່ນ້ຳຢາງຊີກ້ຽງ ແລະ ອາຫານສີຂຽວຂອງຢຸນນານ
75,ກຳລັງຂຶ້ນຂະບວນລົດໄຟ ຖ້ຽວກັບ ເພື່ອຂົນສົ່ງໄປສູ່ນະຄອນຫຼວງວຽງຈັນຂອງລາວ, ນີ້ກໍໄດ້ສະແດງໃຫ້ເຫັນວ່າ
76,ເສັ້ນທາງລົດໄຟລາວ-ຈີນ ໄດ້ເພີ່ມພະລັງແຮງໃຫ້ແກ່ການພັດທະນາດ້ານເສດຖະກິດຂອງພາກພື້ນ
77,ກອງປະຊຸມລັດຖະມົນຕີເສດຖະກິດອາຊຽນ ແບບວົງແຄບ ຄັ້ງທີ 31 ຈັດຂຶ້ນທີ່ ເມືອງຈໍຮໍ, ເດຊາຣູ, ປະເທດມາເລເຊຍ
78,ປືກສາຫາລືການພັດທະນາເສດຖະກິດໃນພາກພື້ນ ແລະ ສາກົນຈັດຂຶ້ນພາຍໃຕ້ການເປັນປະທານກອງປະຊຸມຂອງມາເລເຊຍ
79,ໃນຖານະເປັນປະເທດເຈົ້າພາບ ແລະ ປະທານອາຊຽນ ປີ 2025 ພ້ອມມີ ທ່ານ ມະໄລທອງ ກົມມະສິດ
80,ລັດຖະມົນຕີກະຊວງອຸດສາຫະກຳ ແລະ ການຄ້າ,ທັງເປັນລັດຖະມົນຕີເສດຖະກິດອາຊຽນ ຂອງ ສປປ ລາວ
81,ບັນດາລັດຖະມົນຕີຈາກບັນດາປະເທດສະມາຊິກອາຊຽນເຂົ້າຮ່ວມໃນກອງປະຊຸມເພື່ອວາງແຜນຮ່ວມມື້ເສດຖະກິດສາກົນ
82,ຕາມການລາຍງານຂອງ ກົມເຈລະຈາການຄ້າ ແລະ ຮ່ວມມືເສດຖະກິດສາກົນ, ກະຊວງອຸດສາຫະກໍາ ແລະ ການຄ້າ
83,ບັນດາລັດຖະມົນຕີເສດຖະກິດ ອາຊຽນ ໄດ້ຮັບຮອງເອົາ 2 ແຜນວຽກບຸລິມະສິດດ້ານເສດຖະ ກິດທີ່ຍັງຄ້າງສຳລັບປີ 2024
84,ຍັງໄດ້ມີການຮັບຮອງເອົາ 9 ແຜນວຽກບູລິມະສິດດ້ານເສດຖະກິດອາຊຽນຊື່ງຢູ່ພາຍໃຕ້ການຊີ້ນໍາ
85,ຂອງລັດຖະມົນຕີເສດຖະກິດອາຊຽນໃນໄລະຍະການເປັນປະທານອາຊຽນຂອງມາ ເລເຊຍ ປີ 2025.
86,ກອງປະຊຸມ ຍັງໄດ້ປຶກສາຫາລື ກ່ຽວກັບການເຈລະຈາເພື່ອຍົກລະດັບສັນຍາການຄ້າດ້ານສິນຄ້າອາຊຽນ
87,ເຊີ່ງປະຈຸບັນສາມາດສຳເລັດການເຈລະຈາໄດ້ 89%, ຄາດວ່າຈະໃຫ້ສາມາດສະຫຼຸບການເຈລະຈາເນື້ອໃນສັນຍາໄດ້ ໃນທ້າຍປີ 2025 ນີ້
88,ກອງປະຊຸມ ໄດ້ປຶກສາຫາລື ກ່ຽວກັບສະພາບການພັດທະນາເສດຖະກິດໃນພາກພື້ນ ແລະ ສາກົນ
89,ລວມທັງສະພາບຄວາມເຄັ່ງຮ້ອນທາງດ້ານພູມມິສາດການເມືອງໂດຍສະເພາະການຮັບມືກັບນະໂຍບາຍການຄ້າ ແລະ ພາສີຂອງອາເມລິກາ
90,ພາຍໃຕ້ການນໍາພາຂອງລັດຖະບານຂອງປະທານາທິບໍດີ ໂດນັລ ທຣັມ ທີ່ໄດ້ສົ່ງຜົນກະທົບຕໍ່ພາກພຶ້ນອາຊຽນ
91,ກໍຄືໃນໂລກໂດຍລວມ  ແລະ ການກະກຽມຮັບເອົາ ຕິມໍແລ້ດເຕ້ ເຂົ້າເປັນສະມາຊິກຂອງອາຊຽນ
92,ບັນດາລັດຖະມົນຕີເສດຖະກິດອາຊຽນ ຍັງໄດ້ປຶກສາຫາລື ກ່ຽວ ກັບການຮ່ວມມືດ້ານເສດຖະກິດກັບພາຍນອກ
93,ໂດຍສະເພາະ ການຮ່ວມມືການຄ້າໃນຂົງເຂດໃໝ່ກັບກຸ່ມອ່າວອາຣັບ ເຊີ່ງມີປະເທດສະມາຊິກທັງໝົດ 6 ປະເທດ
94,ເພື່ອແນໃສ່ການກະກຽມໃຫ້ແກ່ກອງປະຊຸມສຸດຍອດອາຊຽນ, ສປ ຈີນ ແລະ ອ່າວອາຣັບ ທີ່ຈະຈັດຂື້ນໃນກອງປະຊຸມສຸດຍອດອາຊຽນ
95, ຍັງໄດ້ມີການພົບປະສອງຝ່າຍກັບ ທ່ານ ຮອງນາຍົກລັດຖະມົນຕີ, ລັດຖະມົນຕີກະຊວງການຄ້າສິງກະໂປ
96,ທ່ານ ລັດຖະມົນຕີກະຊວງການລົງທຶນ, ການຄ້າ ແລະ ອຸດສາຫະກຳ ມາເລເຊຍ ເພື່ອປຶກສາຫາລືກ່ຽວກັບການຮ່ວມມືສອງຝ່າຍ
97, ໂດຍສະເພາະໂຄງການສາຍສົ່ງໄຟຟ້າອາຊຽນ, ພະລັງງານສະອາດ, ຕະຫຼາດກາກບອນ,ການສົ່ງເສີມຍົກລະດັບຂີດຄວາມສາມາດ
98,ໃຫ້ພະນັກງານ, ກໍຄືການສະໜັບສະໜູນ ບັນດາແຜນວຽກບູລິມະສິດຂອງ ມາເລເຊຍ ໃນຖານະເປັນປະທານອາຊຽນ
99,ງານມະຫະກຳໜັງສື ມະຫາວິທະຍາໄລແຫ່ງຊາດ ຄັ້ງທີ V ພາຍໃຕ້ຫົວຂໍ້ການອ່ານເພື່ອການພັດທະນາ
100,ພາຍໃນງານຄັ້ງນີ້ ຈະມີຜູ້ເຂົ້າຮ່ວມເພື່ອວາງສະແດງ ແລະ ຂາຍ ບັນດາຜະລິດຕະພັນປຶ້ມ ຈາກຫຼາຍພາກສ່ວນ ເປັນຕົ້ນ
101,ບັນດາສຳນັກພິມ,ໂຮງພິມ, ຮ້ານຂາຍປຶ້ມ, ຫໍສະໝຸດ, ສະຖາບັນການສຶກສາ, ອົງການຈັດຕັ້ງສັງຄົມ, ອົງການຈັດຕັ້ງສາກົນ
102,ນອກຈາກນັ້ນ ຍັງມີກິດຈະກຳຕ່າງໆ ເຊັ່ນ: ການເສວະນາ ແລະ ບັນຍາຍໃນຫົວຂໍ້ ຕ່າງໆກ່ຽວກັບການພັດທະນາຕົນເອງ
103, ການອ່ານ ແລະ ການຂຽນ ການແນະນຳປຶ້ມໃໝ່ ຈາກນັກຂຽນຊື່ດັງຫຼາຍທ່ານ ການອ່ານກະວີ ການລີວິວປຶ້ມ
104,ອໍານາດການປົກຄອງແຂວງຈໍາປາສັກ ມີແຜນຍົກລະດັບແຫຼ່ງທ່ອງທ່ຽວພູເຂົາໄຟລ້ານປີຈາກລະດັບຂອງເມືອງປາກຊ່ອງ​
105,ປາກພູເຂົາໄຟລ້ານປີ ມີເນື້ອທີ່​ 5 ເຮັກຕາ,​ ມີຄວາມອຸດົມສົມບູນ,​ ມີທໍາມະຊາດທີ່ສວຍສົດງົດງາມ​ ມີຄວາມສູງ 1.300 ແມັດ
106, ກວມ​ 5 ບ້ານ​ ຄື: ບ້ານໜອງຢາລຸ່ມ,​ ໜອງຢາເທິງ,​ ໜອງສໍາພັນ,​ ຫ້ວຍຫວາຍ ແລະ​ ບ້ານພູດ້າມຂວານ.
107,ໄດ້ໃຫ້ທິດຊີ້ນໍາ​ໂດຍມອບໃຫ້ພະແນກຖະແຫຼງຂ່າວ, ວັດທະນະທຳ ແລະ ທ່ອງທ່ຽວແຂວງຈໍາປາສັກ ສົມທົບກັບສະມາຄົມທ່ອງທ່ຽວແຂວງ
108, ສະມາຄົມນັກທຸລະກິດໜຸ່ມ ແລະ ຜູ້ພັດທະນາປາກພູເຂົາໄຟລ້ານປີ ທີ່ບ້ານໜອງຢາເທິງ
109,ເພື່ອຍົກລະດັບເປັນການທ່ອງທ່ຽວ​ ຈາກລະດັບເມືອງ ເປັນລະດັບແຂວງ ແລະ ລະດັບຊາດ.
110,ພ້ອມກັນນັ້ນ, ໃຫ້ສົມທົບກັບພາກສ່ວນກ່ຽວຂ້ອງຮ່ວມກັນວາງແຜນ ເພື່ອຈະດຶງດູດພາກສ່ວນທີ່ສົນໃຈຈະມາລົງທຶນ
111,ໃນການພັດທະນາຈຸດດັ່ງກ່າວ​ ຕົ້ນຕໍແມ່ນພັດທະນາພື້ນຖານໂຄງລ່າງ​ ໂດຍສະເພາະແມ່ນເສັ້ນທາງ​ ໄລຍະ​ 17 ກິໂລແມັດ​
112,ຫ່າງຈາກຕົວເມືອງປາກຊ່ອງ, ສ້າງສະຖານທີ່ບໍລິການ, ຮ້ານອາຫານ,​ ຮ້ານກາເຟ​ ແລະ​ ສະຖານທີ່ພັກເຊົາ
113,ໃຫ້​ສາມາດພັດທະນາເປັນວົງຈອນການທ່ອງທ່ຽວໃນເຂດພູພຽງບໍລະເວນ ​ເພື່ອດຶງຕະຫຼາດລາຍໃຫຍ່
114,ເພື່ອປະກອບສ່ວນໃນການພັດ ທະນາ ໂດຍໃຫ້ເລີ່ມຈາກສະມາຊິກໃນກຸ່ມນັກທຸລະກິດໜຸ່ມທີ່ມີຄວາມສົນໃຈ.
115,ສໍານັກງານຄະນະກໍາມະການຄຸ້ມຄອງຫຼັກຊັບລາວໄດ້ນໍາພາການກະກຽມການອອກຮຸ້ນກູ້ທີ່ມີລັກສະນະສະເພາະຄັ້ງທໍາອິດຢູ່ໃນ ສປປ ລາວ
116,ສົ່ງເສີມໃຫ້ມີລະບົບການເງິນຍືນຍົງ ແລະ ສົ່ງເສີມການລົງທຶນດ້ານສິ່ງແວດລ້ອມ.
117,ສໍານັກງານຄະນະກໍາມະການຄຸ້ມຄອງຫຼັກຊັບລາວຮ່ວມກັບ ສະຖາບັນການເຕີບໂຕສີຂຽວສາກົນ ປະຈໍາ ສປປ ລາວ
118,ຕະຫຼາດຫຼັກຊັບລຸກຊໍາບວກໄດ້ຈັດຝຶກອົບຮົມເສີມສ້າງຄວາມອາດສາມາດຄັ້ງທໍາອິດ ເພຶ່ອສະໜອງຄວາມຮູ້ທາງດ້ານວິຊາການ
119,ເສີມຂະຫຍາຍຄວາມພ້ອມດ້ານການອອກຮຸ້ນກູ້ທີ່ມີລັກສະນະສະເພາະຄັ້ງທໍາອິດ ໃຫ້ແກ່ລັດຖະບານ ແລະ ສະຖາບັນການເງິນ
120,ການຝຶກອົບຮົມຄັ້ງນີ້ ເປັນປະທານຮ່ວມຂອງຫົວໜ້າສໍານັກງານຄະນະກໍາມະການຫຼັກຊັບລາວ
121,ອຸປະທູດແຫ່ງລຸກຊຳບວກປະຈຳ ສປປ ລາວ ແລະ ຫົວໜ້າສະຖາບັນການເຕີບໂຕສີຂຽວສາກົນເຂົ້າຮ່ວມ.
122,ການຝຶກອົບຮົມພາຍໃຕ້ຫົວຂໍ້ການຝຶກອົບຮົມເສີມສ້າງຄວາມອາດສາມາດເພື່ອກະກຽມຄວາມພ້ອມແກ່ພາກລັດ ແລະ ເອກະຊົນ
123,ການອອກຮຸ້ນກູ້ທີ່ມີລັກສະນະສະເພາະແມ່ນແນ່ໃສ່ການສົ່ງເສີມຄວາມຮູ້-ຄວາມເຂົ້າໃຈ, ວີທີການ-ເຄຶ່ອງມືໃນການພັດທະນາ
124,ການດໍາເນີນວຽກງານດັ່ງກ່າວ ໃນການອອກຮຸ້ນກູ້ທີ່ມີລັກສະນະສະເພາະ ເພື່ອສົ່ງເສີມໃຫ້ມີລະບົບການເງິນຍືນຍົງ
125,ເຊື່ອມສານເຂົ້າໃນການອະນຸລັກສິ່ງແວດລ້ອມ ແລະ ການພັດທະນາແບບຍືນຍົງ
126,ລັດຖະບານ ສປປ ລາວ ໄດ້ສ້າງລະບົບການເງິນເພຶ່ອຄວາມຍືນຍົງເພຶ່ອສະໜັບສະໜູນການອອກຮຸ້ນກູ້ທີມີລັກສະນະສະເພາະ
127,ຊິ່ງຈະກວມເອົາການປັບປຸງດ້ານລະບຽບ,ກົດໝາຍ, ການສະໜັບສະໜູນ ຜູ້ອອກຮຸ້ນກູ້, ການເສີມສ້າງຄວາມອາດສາມາດ
128,ການຝຶກອົບຮົມດັ່ງກ່າວ ຍັງເປັນສ່ວນໜຶ່ງໃນການກະກຽມກິດຈະກໍາຕ່າງໆເພຶ່ອສົ່ງເສີ່ມ ແລະ ພັດທະນາກອບດ້ານອອກຮຸ້ນ
129,ໃຫ້ແກ່ຜູ້ອອກຮຸ້ນຕ່າງໆເພຶ່ອຮັບປະກັນວ່າການອອກຮຸ້ນກູ້ນັ້ນມີຄວາມສອດຄ່ອງກັບມາດຕະຖານທີ່ດີ
130,ເພື່ອຊຸກຍູ້ໃຫ້ມີການຫັນປ່ຽນໄປສູ່ການພັດທະນາເສດຖະກິດແບບຍືນຍົງ ເຊິ່ງເຫັນວ່າ ຕ້ອງໄດ້ອາໄສຄວາມພ້ອມ
131,ການສ້າງແຮງຈູງໃຈຕໍ່ຫົວໜ່ວຍທຸລະກິດໃນໄລຍະປັດຈຸບັນ ຍັງບໍ່ທັນສາມາດປະຕິບັດວຽກງານສີຂຽວໄດ້ຢ່າງເຕັມທີ
132,ການກະກຽມສ້າງເງື່ອນໄຂໃຫ້ຕະຫຼາດທຶນ ເພື່ອຊຸກຍູ້ການອອກ ແລະ ຊື້ຂາຍພັນທະບັດ ຫຼື ຮຸ້ນກູ້ສີຂຽວ
133,ເປັນກາລະໂອກາດອັນສໍາຄັນ ໃນການຊ່ວຍສະໜັບສະໜູນພາກທຸລະກິດ ໃຫ້ສາມາດລະດົມທຶນໄລຍະຍາວ
134,ໃນການລະດົມກອງທຶນເພື່ອດໍາເນີນໂຄງການທີ່ກ່ຽວຂ້ອງກັບສິ່ງແວດລ້ອມໃຫ້ສອດຄ່ອງກັບມາດຕະຖານສາກົນທີ່ກຳນົດໄວ້
135,ການອອກຮຸ້ນກູ້ທີມີລັກສະນະສະເພາະ ໂດຍສະເພາະ ຮຸ້ນກູ້ສີຂຽວຢູ່ ສປປ ລາວນັ້ນ ຈະເປັນເຄຶ່ອງມືທາງການເງິນ
136,ແນໃສ່ການສະໜັບສະໜູນການລົງທຶນໃນຂົງເຂດພະລັງງານທົດແທນ, ພະລັງງານປະສິດທິພາບ
137,ການປ້ອງກັນມົນລະພິດ, ການຄົມມະນາຄົມສະອາດ, ການຈັດການສິ່ງເສດເຫຼືອ ແລະ ນໍ້າເປຶ້ອນແບບຍືນຍົງ
138, ອາຄານສີຂຽວ, ແລະ ການປັບຕົວຕໍ່ການປ່ຽນແປງດິນຟ້າອາກາດ
139,ບັນຫາຄວາມ ຫຍຸ້ງຍາກ ທາງດ້ານເສດຖະກິດ-ການເງິນຍັງເປັນບັນຫາທີ່ຍັງແກ້ໄຂບໍ່ຕົກ
140,ເຖິງແມ່ນວ່າລັດຖະບານຈະສຸມໃສ່ແກ້ໄຂກໍຕາມໂດຍສະເພາະບັນຫາເງິນເຟີ້ ຫຼື ຄ່າເງິນກີບອ່ອນຄ່າທີ່ສົງຜົນກະທົບຕໍ່ຄ່າຄອງຊີບ
141,ບັນຫາດັ່ງກ່າວ ລັດຖະບານ ຈະສຸມໃສ່ແກ້ໄຂ ໃຫ້ເປັນຮູບປະທຳ ເທື່ອລະກ້າວໃນປີ 2025 ນີ້
142,ທ່ານ ສອນໄຊ ສິດພະໄຊ ລັດຖະມົນຕີປະຈໍາສໍານັກງານນາຍົກ ລັດຖະມົນຕີ, ທັງເປັນໂຄສົກລັດຖະບານ
143,ໄດ້ຖະແຫຼງໃນໂອກາດສຳເລັດກອງປະຊຸມລັດຖະບານເປີດກວ້າງໃຫ້ຮູ້ເມື່ອບໍ່ດົນມານີ້ວ່າ
144,ລັດຖະບານ ຈະສຸມໃສ່ແກ້ໄຂບັນຫາຄວາມຫຍຸ້ງຍາກ ທາງດ້ານເສດຖະກິດ-ການເງິນດ້ວຍການບັງຄັບໃຊ້ບັນດາມາດຕະການ
145,ໃຫ້ປະກົດຜົນເປັນຈິງ ແລະ ເປັນຮູບປະທຳຫຼາຍຂຶ້ນກວ່າເກົ່າໂດຍມອບວຽກການຈັດຕັ້ງ ແລະ ບຸກຄົນຢ່າງລະອຽດຈະແຈ້ງ
146,ກຳນົດຄາດໝາຍເວລາສໍາເລັດໃຫ້ຊັດເຈນພ້ອມທັງຈະສືບຕໍ່ຊຸກຍູ້ສົ່ງເສີມການຜະລິດ ເພື່ອທົດແທນການນໍາເຂົ້າ ແລະ ເປັນສິນຄ້າສົ່ງອອກ
147, ຊຸກຍູ້ການຂຸດຄົ້ນ ແລະ ປຸງແຕ່ງແຮ່ທາດ ຕາມທິດຍືນຍົງ ທັງສາມາດສ້າງມູນຄ່າເພີ່ມຈາກແຮ່ຕ່າງໆ ແລະ ປັດໄຈການຜະລິດ
148,ການຜະລິດປຸ໋ຍຊີວະພາບ, ຫົວອາຫານລ້ຽງສັດ, ວັດສະດຸກໍ່ສ້າງ, ເຄື່ອງອຸປະໂພກ-ບໍລິໂພກ
149,ຄຽງຄູ່ກັບການປັບປຸງໂຄງລ່າງພື້ນຖານ ແລະ ລະບົບການບໍລິການຂົນສົ່ງ ໃຫ້ມີຄວາມສະດວກຂຶ້ນ
150, ເພື່ອເປັນພື້ນຖານສຳຄັນແກ່ການສົ່ງເສີມການລົງທຶນ, ການຄ້າ ແລະ ການທ່ອງທ່ຽວ
151,ສຸມໃສ່ຮັກສາສະຖຽນລະພາບທາງດ້ານເງິນຕາ ໃຫ້ມີຄວາມໝັ້ນທ່ຽງ ດ້ວຍການດຳເນີນນະໂຍບາຍເງິນຕາແບບຮັດກຸມ
152, ນະໂຍບາຍອັດຕາແລກປ່ຽນ ຢ່າງມີປະສິດທິພາບ, ຄຸ້ມຄອງເງິນຕາຕ່າງປະເທດ ຈາກການລົງທຶນ
153,ການສົ່ງອອກ-ນຳເຂົ້າສິນຄ້າ ຜ່ານລະບົບທະນາຄານ ໃຫ້ຫຼາຍຂຶ້ນ ຕິດພັນກັບສົ່ງເສີມການນໍາໃຊ້ເງິນກີບ ກັບປະເທດໃກ້ຄຽງ
154,ເພື່ອຫຼຸດຜ່ອນຄວາມຕ້ອງການເງິນຕາຕ່າງປະເທດ,ສືບຕໍ່ປ່ອຍສິນເຊື່ອເພື່ອກະຕຸ້ນເສດຖະກິດກະຈາຍແຫຼ່ງທຶນສູ່ທ້ອງຖິ່ນ
155,ສຸມໃສ່ການຂຸດຄົ້ນແຫຼ່ງລາຍຮັບງົບປະມານແຫ່ງລັດ ໃຫ້ໄດ້ຕາມແຜນ ຫຼື ເກີນແຜນ ເປັນປີທີ 5 ຕິດຕໍ່ກັນ
156,ສູ້ຊົນໃຫ້ເປັນປີທຳອິດໃຫ້ມີລາຍຮັບເກີນດຸນ ຕາມຄາດໝາຍ ເສດຖະກິດເອກະລາດ ເປັນເຈົ້າຕົນເອງວາງອອກ
157,ສຸມທຸກກຳລັງແຮງສັງລວມ ເຂົ້າໃນການເກັບລາຍຮັບ ຕາມກົດໝາຍ ແລະ ລະບຽບການທີ່ໄດ້ກໍານົດໄວ້
158,ເລັ່ງຂະຫຍາຍຖານລາຍຮັບໃໝ່ ຕິດພັນກັບການຫັນເປັນທັນສະໄໝ, ຈໍາກັດການຍົກເວັ້ນພັນທະຕ່າງໆ
159,ດ້ານລາຍຈ່າຍງົບປະມານ ແມ່ນໃຫ້ສຸມໃສ່ວຽກງານບຸລິມະສິດ ຂອງລັດຖະບານ ບົນຈິດໃຈປະຢັດມັດທະຍັດ
160,ນໍາໃຊ້ແຫຼ່ງລາຍຮັບພາຍໃນ ເພື່ອແກ້ໄຂໜີ້ສິນພາຍໃນ ແລະ ຕ່າງປະເທດເພື່ອຫຼຸດຜ່ອນການກູ້ຢືມ
161,ການສະໜອງທຶນໃສ່ວຽກງານໂພຊະນາການ ແມ່ນວຽກງານຮີບຮ້ອນໃຫ້ມີການຈັດຕັ້ງປະຕິບັດແບບເລັ່ງລັດ
162,ແຜນປະຕິບັດງານແຫ່ງຊາດດ້ານໂພຊະນາການແນໃສ່ໃຫ້ບັນລຸຄາດໝາຍດ້ານໂພຊະນາການ ໂດຍສະເພາະ
163,ອັດຕາເດັກຂາດອາຫານປະເພດລວງສູງບໍ່ໄດ້ມາດຕະຖານ ຫຼຸດລົງເພື່ອຈະເປັນຊັບພະຍາກອນຂອງປະເທດຊາດ
164,ສະໜອງທຶນໃຫ້ວຽກງານໂພຊະນາການ ໂດຍອີງໃສ່ຂໍ້ມູນເພື່ອຈັດຕັ້ງປະຕິບັດຢ່າງເລັ່ງລັດ
165,ຄໍາໝາຍໝັ້ນໃນປີຜ່ານມາກ່ຽວກັບໂພຊະນາການ ທີ່ໄດ້ຖະແຫຼງໃນກອງປະຊຸມສຸດຍອດວ່າດ້ວຍຊັບສິນດ້ານມະນຸດ
166,ປະກອບດ້ວຍການກໍານົດ ເອົາບູລີມະສິດກິດຈະກໍາຕ່າງໆທີ່ມີຜົນຕໍ່ການແກ້ໄຂດ້ານໂພຊະນາການສູງທີ່ສຸດຄືແນວໃດ
167,ປັບປຸງການປະສານງານລະຫວ່າງຂະແໜງການຕ່າງໆ ແລະ ລວມໄປເຖິງຄວາມສໍາຄັນຂອງການນໍາໃຊ້ຂໍ້ມູນ
168,ຂໍຮຽກຮ້ອງມາຍັງບັນດາຂະແໜງການ, ອົງການຈັດຕັ້ງທຸກພາກສ່ວນ ແລະ ຄະນະກຳມະການໂພຊະນາການທຸກຂັ້ນ
169,ສືບຕໍ່ເຊີດຊູຄວາມຮັບຜິດຊອບສູງ ແລະ ເອົາໃຈໃສ່ຊີ້ນຳ-ນຳພາ ໃນການຈັດຕັ້ງປະຕິບັດຢ່າງໃກ້ຊິດ
170,ບາງວຽກງານທີ່ສຳຄັນ ເປັນຕົ້ນ: ສືບຕໍ່ເອົາວຽກໂພຊະນາການ ເຊື່ອມເຂົ້າໃນແຜນການ
171, ພັດທະນາເສດຖະກິດສັງຄົມແຫ່ງຊາດ 5 ປີ ຄັ້ງທີ 10 ແລະ ລະບົບລາຍງານຕິດຕາມປະເມີນຜົນຂອງຊາດ
172,ໃຫ້ແຕ່ລະຂະແໜງການ ນຳເອົາບັນດາກຸ່ມກິດຈະກຳ ທີ່ນອນຢູ່ໃນແຜນປະຕິບັດງານແຫ່ງຊາດ
173,ດ້ານໂພຊະນາການ ເຊື່ອມເຂົ້າໃນແຜນພັດທະນາ 5 ປີ ແລະ ຈັດເຂົ້າເປັນແຜນບູລິມະສິດ
174,ເຊື່ອມເຂົ້າໃນກອບລະບົບລາຍງານ ຂອງແຕ່ລະຂະແໜງການ ແຕ່ສູນກາງ ຮອດທ້ອງຖິ່ນ
175,ສູ້ຊົນເພີ້ມທະວີການສະໜອງດ້ານງົບປະມານ ເພຶ່ອໃຫ້ໄດ້ຈັດຕັ້ງປະຕິບັດ ແລະ ການສັງລວມລາຍງານດ້ານການເງິນທີ່ສະໜອງ
176,ພີ່ມທະວີ ການຮ່ວມມື ປະສານງານ ກັບ ຄູ່ຮ່ວມພັດທະນາ, ຜູ້ໃຫ້ທຶນ, ອົງການຈັດຕັ້ງສາກົນອົງການຈັດຕັ້ງສັງຄົມ
177,ການມີສ່ວນຮ່ວມຂອງພາກເອກະຊົນ ເພື່ອລະດົມທຶນ ໃນການສະໜັບສະໜູນວຽກງານໂພຊະນາການ
178,ສືບຕໍ່ ປັບປຸງຄະນະກຳມະການໂພຊະນາການຂັ້ນແຂວງ ແລະ ເມືອງ ຕາມ ຂໍ້ຕົກລົງຂອງ ນາຍົກລັດຖະມົນຕີ
179,ປັບປຸງຈຸດປະສານງານແຕ່ລະຂະແໜງການ ເພື່ອໃຫ້ມີຄວາມຄ່ອງໂຕ ແລະ ຟົດຟຶ້ນຢ່າງຕໍ່ເນື່ອງ
180,ສ້າງຄວາມເຂັ້ມແຂງໃຫ້ ລະບົບການຜະລິດ ແລະ ຄວາມໝັ້ນຄົງດ້ານສະບຽງອາຫານເພື່ອສຸຂະພາບ ແບບຍືນຍົງ
181,ສ້າງຄວາມເຂັ້ມແຂງລະບົບບໍລິການດ້ານໂພຊະນາການເຝົ້າລະວັງທາງດ້ານໂພຊະນາການຢ່າງເປັນປົກກະຕິ
182,ຄຽງຄູ່ກັບການຄົ້ນຄວ້າ ແລະ ນຳໃຊ້ບັນດາຂໍ້ມູນຫຼັກຖານໃໝ່ເຂົ້າໃນການວາງແຜນແກ້ໄຂບັນຫາໃຫ້ຖຶກຈຸດ
183, ແນ່ໃສ່ເຮັດໃຫ້ການລົງທຶນໄດ້ຮັບປະສິດທິຜົນສູງສຸດທຸກພາກສ່ວນໃຫ້ການສະໜັບສະໜຸນ ການສະໜອງ
184,ຈັດສັນ ທຶນໃສ່ ໃນການຮີບຮ້ອນ ເລັ່ງລັດ ຈັດຕັ້ງປະຕິບັດ ວຽກງານໂພຊະນາການ ພ້ອມມີການຕິດຕາມ ຊຸກຍູ້ ປະເມີນຜົນ
185,ໂພຊະນາການທີ່ພຽງພໍແມ່ນມີຄວາມຈຳເປັນຕໍ່ການຈະເລີນເຕີບໂຕ, ຄວາມສະຫຼາດລະດັບລາຍຮັບໃນອະນາຄົດຂອງເດັກ
186,ປະເທດລາວຍັງປະເຊີນກັບອັດຕາການຂາດສານອາຫານໃນໄວເດັກທີ່ສູງຫຼາຍ ຊໍ້າພັດກັບມາມີອັດຕາທີ່ສູງກວ່າແຕ່ກ່ອນ
187,ເພື່ອໃຫ້ສາມາດກັບມາສືບຕໍ່ຫຼຸດຜ່ອນອັດຕາການຂາດໂພຊະນາການໄດ້ມັນຈໍາເປັນຕ້ອງມີບຸກຄະລາກອນດ້ານສາທາລະນະສຸກ
188,ມີການສະໜອງເງິນສົດໂດຍມີເງື່ອນໄຂເພື່ອໃຫ້ເດັກໄດ້ຮັບສານອາຫານ ແລະ ໂພຊະນາການທີ່ພຽງພໍ
189, ທະນາຄານໂລກ ແລະ ບັນດາຄູ່ຮ່ວມງານ ຈະສືບຕໍ່ສະໜັບສະໜູນລັດຖະບານລາວໃນການລົງທຶນໃສ່ວຽກງານທີ່ຕິດພັນກັບໂພຊະນາການ
190,ຮຽກຮ້ອງໃຫ້ລັດຖະບານຕ້ອງໄດ້ເພີ່ມການຈັດສັນງົບປະມານພາກລັດເຂົ້າໃນວຽກງານຢ່າງຮີບດ່ວນ
191,ກອງປະຊຸມຄັ້ງນີ້ ຈັດຂຶ້ນໂດຍຄະນະກໍາມະການໂພຊະນາການແຫ່ງຊາດໂດຍການເຂົ້າຮ່ວມຂອງຄູ່ຮ່ວມພັດທະນາສາກົນ
192,ສະຫະພາບເອີຣົບ, ທະນາຄານໂລກ, ທະນາຄານພັດທະນາອາຊີ, , ເຄື່ອຂ່າຍອົງການຈັດຕັ້ງທາງສັງຄົມເພື່ອສົ່ງເສີມໂພຊະນາການ
193,ອົງການສະຫະປະຊາຊາດສໍາລັບເດັກ, ອົງການແຄຣ, ອົງການ ອາດຣາ, ອົງການອາຫານໂລກ, ກະຊວງທີ່ກ່ຽວຂ້ອງ, ອົງການຈັດຕັ້ງມະຫາຊົນ
194, ສະຖາບັນການສຶກສາ ແລະ ຕົວແທນເຄືອຂ່າຍພາກເອກະຊົນ ເຊິ່ງໃນກອງປະຊຸມໄດ້ເປີດໂອກາດ
195,ຮ່ວມກັນທົບທວນຄວາມຄືບໜ້າໃນການແກ້ໄຂບັນຫາດ້ານໂພຊະນາການຢູ່ປະເທດລາວໃນປີຜ່ານມາ ແລະ ກໍານົດບູລີມະສິດ
196,ດາວທຽມດັ່ງກ່າວຈະເຮັດໜ້າທີ່ເກັບກຳຂໍ້ມູນດ້ານສິ່ງແວດລ້ອມຂອງໜ່ວຍໂລກ ໃນລະດັບຄວາມແມ່ນຢຳທີ່ສູງກວ່າເກົ່າ
197, ຍົກສູງປະສິດທິພາບການຜະລິດກະສິກຳ ແລະ ຍົກລະດັບການເຕືອນໄພແຜ່ນດິນໄຫວໃຫ້ມີປະສິດທິຜົນຫຼາຍກວ່າເກົ່າເປັນຕົ້ນ
198,ລັດຖະມົນຕີກະຊວງການຕ່າງປະເທດ ແຫ່ງ ສປປ ລາວ ພ້ອມດ້ວຍພັນລະຍາ ແລະ ຄະນະ ໄດ້ເດີນທາງຢ້ຽມຢາມ ສປ ຈີນ
199, ເພື່ອສືບຕໍ່ເສີມຂະຫຍາຍ ສາຍພົວພັນມິດຕະພາບທີ່ເປັນມູນເຊື້ອ, ການພົວພັນຮ່ວມມືແບບຄູ່ຮ່ວມຍຸດທະສາດ ຮອບດ້ານ
200, ການເປັນຄູ່ຮ່ວມຊາຕາກໍາລາວ-ຈີນ, ຈີນ-ລາວ ລະຫວ່າງສອງປະເທດໃຫ້ມີມາດຕະຖານສູງ, ຄຸນນະພາບສູງ ແລະ ລະດັບສູງກວ່າເກົ່າ
201,ເພື່ອນຳເອົາຜົນປະໂຫຍດອັນຍືນຍົງມາສູ່ປະຊາຊົນສອງຊາດ ກໍຄື ການຮ່ວມມື ຂອງສອງກະຊວງການຕ່າງປະເທດລາວ ແລະ ຈີນ
202,ຕີລາຄາສູງຕໍ່ການຢ້ຽມຢາມ ສປ ຈີນ ຢ່າງເປັນທາງການຄັ້ງນີ້ ຈະເປັນການປະກອບສ່ວນສໍາຄັນ ເຂົ້າໃນການເສີມຂະຫຍາຍ
203,ການພົວພັນຮ່ວມມືລະຫວ່າງສອງປະເທດກໍຄືການຈັດຕັ້ງຜັນຂະຫຍາຍແຜນແມ່ບົດວ່າດ້ວຍການສ້າງຄູ່ຮ່ວມຊາຕາກໍາ
204,ການນໍາສູງສຸດຂອງສອງປະເທດໄດ້ລົງນາມຮ່ວມກັນ ໃນທ້າຍປີ 2023 ທີ່ຜ່ານມາ ໃຫ້ແຕກດອກອອກຜົນຍິ່ງຂຶ້ນ
205,ການສືບຕໍ່ແລກປ່ຽນການຢ້ຽມຢາມຂອງການນໍາຂັ້ນສູງ ແຕ່ສູນກາງລົງຮອດທ້ອງຖິ່ນ ຢ່າງເປັນປົກກະຕິ
206,ຄະນະບໍລິຫານງານສູນກາງພັກ ຕົກລົງປັບປຸງກົງຈັກການຈັດຕັ້ງ ບາງກະຊວງ ໂຮມເຂົ້າກັນ
207,ໂຮມກະຊວງພາຍໃນ ຂຶ້ນກັບຄະນະຈັດຕັ້ງສູນກາງພັກ, ເອົາວຽກຄຸ້ມຄອງ ລັດຖະກອນ, ວຽກແຂ່ງຂັນຍ້ອງຍໍ
208,ໂອນວຽກປົກຄອງ, ວຽກແຜນທີ່, ວຽກຄຸ້ມຄອງມະຫາພາກດ້ານ ສາສະໜາ  ພ້ອມທັງບຸກຄະລາກອນ
209,ເຮັດວຽກໃນຂົງເຂດດັ່ງກ່າວ ໄປຂຶ້ນກັບ ຫ້ອງວ່າການສໍາ ນັກງານນາຍົກລັດຖະມົນຕີ ແລະ ກະຊວງ, ອົງການອື່ນ
210,ໂອນວຽກສື່ມວນຊົນພ້ອມທັງຍົກຍ້າຍບຸກຄະລາກອນ ອອກ ຈາກກະຊວງຖະແຫຼງຂ່າວ, ວັດທະນະທໍາ ແລະ ທ່ອງທ່ຽວ
211,ປ່ຽນຊື່ ກະຊວງຖະແຫຼງຂ່າວ, ວັດທະນະທໍາ ແລະ ທ່ອງທ່ຽວ ເປັນຊື່ໃໝ່ເອີ້ນວ່າ: ກະຊວງວັດທະນະທໍາ ແລະ ການທ່ອງທ່ຽວ
212,​ຮູບ​ເງົາ​ເລື່ອງນາຈາສອງທີ່​ໄດ້​ຮັບ​ຄວາມ​ນິ​ຍົມຫຼາຍ​ມີຄໍາ​ເວົ້າ​ໜຶ່ງ​ຂອງ​ນາ​ຈາຄືຊາຕາຊີວິດຂອງເຮົາ ເຮົາເປັນຜູ້ກຳນົດ ບໍ່ແມ່ນຟ້າລິຂິດ
213,ເປັນສຽງສະທ້ອນຈາກດວງໃຈຂອງ​ຜູ້​ຊົມທີ່ນັບ​ບໍ່​ຖ້ວນພາບ​ພົດ​ຂອງລາວ ທີ່​ເປັນຄົນສາມາດບຸກ​ທະ​ລຸສິ່ງກີດຂວາງ
214,ຄວາມຫຍຸ້ງຍາກໃນຊີວິດ​ຢ່າງ​ກ້າ​ຫານ​ນັ້ນ​ ໄດ້​ເຂົ້າ​ເຖິງ​ຈິດ​ໃຈ​ຜູ້​ຊົມ​ຢ່າງ​ເລິກ​ເຊິ່ງ
215,ເມື່​ອ​ພວກ​ເຮົາຫັນສາຍ​ຕາ​ຈາກ​ເທບ​ນິ​ຍາຍ​ໄປ​ສູ່​ການ​ຮ່ວມ​ມື​ລາວ-ຈີນ ກໍຈະ​ໄດ້​ເຫັນ​ວ່າ ສອງ​ເລື່ອງ​ນີ້ ​ມີ​ສິ່ງ​ຄ້າຍ​ຄື​ກັນ​ຢ່າງ​ໜ້າ​ອັດ​ສະ​ຈັນ
216,ຖ້າ​ຢູ່ຕໍ່ໜ້າບໍ່ມີທາງອອກ, ຂ້ອຍຈະຢຽບເສັ້ນທາງໃໝ່ອອກມາ ໄດ້ເຮັດໃຫ້ຜູ້ຂຽນປະທັບ​ໃຈ​ທີ່​ສຸດ
217,ການສ້າງສຳເລັດ ແລະ ເປີດ​ນຳ​ໃຊ້​ທາງ​ລົດ​ໄຟ​ລາວ-ຈີນ ໄດ້​ສ່ອງ​ແສງ​ເຖິງ​ຈິດ​ໃຈ​ທາດ​ແທ້​ຂອງ​ຄໍາເວົ້າ​ນີ້
218,ປະ​ເທດ​ລາວ​ ຕັ້ງ​ຢູ່​​ອາ​ຊີ​ຕາ​ເວັນ​ອອກ​ສຽງ​ໃຕ້, ​ການພັດທະ​ນາ​ເສດ​ຖະ​ກິດຂອງປະເທດໃນສະໄໝກ່ອນ​ຖືກ​ຈຳ​ກັດຢ່າງ​ໜັກ​ໜ່ວງ​
219, ພາຍຫຼັງມາ, ສອງ​ປະ​ເທດ​ຈີນ-ລາວ​ ໄດ້​ເຊື່ອມ​ໂຍງ​ຍຸດ​ທະ​ສາດ​ການ​ພັດ​ທະ​ນາ​ຢ່າງ​ຕັ້ງ​ໜ້າ, ຂໍ້​ລິ​ເລີ່ມໜຶ່ງ​ແລວ​ໜຶ່ງ​ເສັ້ນ​ທາງ
220,ການຫັນ​ຈາກ​ປະ​ເທດ​ທີ່​ບໍ່​ມີ​ທາງ​ອອກ​ສູ່​ທະ​ເລ ໃຫ້ກາຍ​ເປັນປະ​ເທດ​ເຊື່ອມ​ໂຍງ-ເຊື່ອມຈອດກັບ​ປະ​ເທດ​ອ້ອມ​ຂ້າງ ແລະ ພາກພື້ນ
221,​ຫັນ​ປ່ຽນ​ສະ​ພາບ​ຫຍຸ້ງ​ຍາກດ້ານຄົມມະນາຄົມຂອງ​ປະ​ເທດ​ລາວທາງ​ລົດ​ໄຟ​ສາຍ​ນີ້ເປັນເສັ້ນທາງເງິນເສັນທາງຄໍາ
222,ນັບ​ແຕ່​ເປີດ​ນຳ​ໃຊ້ເສັ້ນທາງລົດໄຟລາວ-ຈີນ ເປັນ​ຕົ້ນ​ມາ, ໄດ້​ຂົນ​ສົ່ງ​ຜູ້​ໂດຍ​ສານຫຼາຍກວ່າ 48 ລ້ານ​ເທື່ອ​ຄົນ
223,ນາຈາ ໄດ້ສ່ອງແສງເຖິງຈິດໃຈທີ່ບຸກບືນສູ້ຊົນຢ່າງເປັນ​ເຈົ້າ​ການຈິດ​ໃຈ​ແບບ​ນີ້ ກໍໄດ້​ສ່ອງ​ແສງ​ໃຫ້ເຫັນ​ຂະ​ບວນ​ການ​ຮ່ວມ​ມື
224,ສອນວິທີຫາປາ ດີກວ່າການໃຫ້ປາສຸມ​ໃສ່​ການ​ຊ່ວຍ​ເຫຼືອ​ຍົກ​ລະດັບຄວາມສາມາດ​ໃນການພັດທະ​ນາ​ຢ່າງ​ເປັນ​ເຈົ້າ​ການ
225, ໂຄງການຕົວແບບການຮ່ວມ​ມືດ້ານການຫຼຸດ​ຜ່ອນ​ຄວາມ​ທຸກ​ຍາກ​ໄດ້ຈັດຕັ້ງບຸກຄົນທີ່ກ່ຽວຂ້ອງຂອງລາວມາເຂົ້າຮ່ວມ
226,ອົບຮົມການ​ຄຸ້ມ​ຄອງ​ໂຄງ​ການຈໍານວນຫຼາຍ​ຮ້ອຍ​ເທື່ອ​ຄົນ, ໄດ້ບຳ​ລຸງ​ສ້າງ ແລະ ຫຼໍ່ຫຼອມ​ຜູ້​ທີ່ມີ​ຄວາມຮູ້ຄວາມສາມາດ
227,ມີແນວຄິດທັນ​ສະ​ໄໝ​ດ້ານ​ການຫຼຸດ​ຜ່ອນ​ຄວາມ​ທຸກ​ຍາກໃຫ້​ແກ່​ປະ​ເທດ​ລາວ
228,ວິ​ທະ​ຍາ​ໄລ​ເຕັກ​ນິກ-ວິ​ຊາ​ຊີບ​ ການ​ລົດ​ໄຟ ທີ່ຈີນຊ່ວຍເຫຼືອ ນອກຈາກເປັນວິທະ​ຍາ​ໄລ​ເຕັກ​ນິກ-ວິ​ຊາ​ຊີບ​ ການ​ລົດ​ໄຟແຫ່ງທໍາອິດໃນລາວ
229,ຊ່ວຍແກ້​ໄຂ​ບັນ​ຫາ​ທີ່​ລາວ ​ບໍ່​ມີ​ໂຮງຮຽນອາ​ຊີ​ວະ​ສຶກ​ສາ​ກ່ຽວກັບການ​ລົດ​ໄຟ​ເພື່ອຊຸກ​ຍູ້​ການ​ບຳ​ລຸງ​ສ້າງ​ນັກ​ວິ​ຊາ​ການກ່ຽວກັບ​ທາງ​ລົດ​ໄຟ​ຂອງ​ລາວ
230,ໂຄງ​ການກໍ່ສ້າງອາຄານ ​ໂຮງ​ໝໍ​ມະ​ໂຫ​ສົດ​ຫຼັງໃໝ່ ທີ່​ຈີນ​ຊ່ວຍ​ເຫຼືອ​ລາວ ​ໄດ້ຊ່ວຍອົບຮົມບຸກຄະລາກອນທາງການແພດໃຫ້​ແກ່​ລາວຢ່າງຕໍ່ເນື່ອງ
231,ຜູ້​ມີ​ຄວາມ​ຮູ້​ຄວາມ​ສາ​ມາດ​ເຫຼົ່າ​ນີ້ ​ໄດ້​ກາຍ​ເປັນ​ກຳ​ລັງ​ສຳ​ຄັນ​ໃນການຊຸກ​ຍູ້​ຄວາມ​ກ້າວ​ໜ້າ​ຂອງ​ສັງ​ຄົມ​ລາວ
232,ປະ​ກອບ​ສ່ວນ​ທາງດ້ານສະ​ຕິ​ປັນ​ຍາ ແລະ ກຳ​ລັງ​ແຮງ​ເຂົ້າ​ໃນ​ການ​ສ້າງຄວາມ​ທັນ​ສະ​ໄໝ​ຂອ​ງ​ລາວ
233,ລໍ້​ໄຟທີ່ນາ​ຈາຢຽບລອຍ ກໍເປັນສັນຍະລັກແຫ່ງຄວາມ​ໄວ ແລະ ກຳ​ລັງ​ແຮງ
234,ປັດ​ຈຸ​ບັນ​ນີ້ ການ​ປະ​ດິດ​ສ້າງ​ໃໝ່​ດ້ານ​ວິ​ທະ​ຍາ​ສາດເຕັກ​ນິກ​ໄດ້ມີ​ບົດ​ບາດສໍາຄັນໃນການຊ່ວຍ​ຂັບ​ເຄື່ອນ
235,ລາວ​ໄດ້​ເຊັນ​ສັນ​ຍາ​ຢູ່​ນະ​ຄອນຫຼວງວຽງ​ຈັນ ໂດຍ​ຈະ​ຮ່ວມ​ກັນ​ສ້າງ​ສູນ​ການ​ຮ່ວມ​ມືປະ​ດິດ​ສ້າງ​ໃໝ່​ດ້ານ​ປັນ​ຍາ​ປະ​ດິດ
236,ໂຄງ​ການ​ຮ່ວມ​ມື​ນີ້ ​ຈະ​ສຸມ​ໃສ່ດ້ານ​ກະ​ສິ​ກຳ​ແບບ​ອັດສະລິຍະ, ການຄົມມະນາຄົມແບບອັດສະລິຍະແລະ ຂົງເຂດອື່ນໆ
237,ນຳ​ໃຊ້​ເຕັກ​ນິກ​ປັນ​ຍາ​ປະ​ດິດ ​ເພື່ອ​ຍົກ​ສູງ​ກຳ​ລັງ​ແຂ່ງ​ຂັນ​ດ້ານ​ອຸດ​ສາ​ຫະ​ກຳ​ຂອງ​ລາວ
238, ການ​ຮ່ວມ​ມື​ໃນ​ການ​ປະ​ດິດ​ສ້າງ​ໃໝ່​ດ້ານ​ວິ​ທະ​ຍາ​ສາດ​ເຕັກ​ນິກ​ຄື​ແນວ​ນີ້ ຄ້າຍຄື​ກັບ​ລໍ້​ໄຟ​ຂອງ​ນາ​ຈາ
239,​ເປັນການເພີ່ມພະລັງຂັບ​ເຄື່ອນ​ທີ່​ເຂັ້ມ​ແຂງ​ເຂົ້າ​ໃນ​ການ​ພັດ​ທະ​ນາ​ຂອງ​ລາວ​ໃນ​ອະ​ນາ​ຄົດ ແລະ ບຸກ​ເບີກ​ພື້ນ​ທີ່​ອັນ​ກວ້າງ​ຂວາງ
240,ກຳ​ມະ​ການ​ກົມ​ການ​ເມືອງ​ສູນ​ກາງ​ພັກ​ຄອມ​ມູ​ນິດ​ຈີນ ລັດ​ຖະ​ມົນ​ຕີ​ກະ​ຊວງ​ການ​ຕ່າງປະເທດຈີນກ່າວວ່າ
241,ໂລກ​ປັດ​ຈຸ​ບັນ ມີ​ການ​ປ່ຽນ​ແປງ​ຢ່າງ​ສັບ​ສົນ, ເຂດ​ໂລກ​ໃຕ້​ໄດ້ຮັບການພັດທະນາແຂງແຮງຂຶ້ນ​ຖືເປັນຂີດໝາຍທີ່ພົ້ນ​ເດັ່ນທີ່ສຸດໃນ​ຍຸກ​ນີ້
242,ເຂດ​ໂລກ​ໃຕ້​ໃນ​ປັດ​ຈຸ​ບັນ​ນີ້ ມີຍອດ​ມູນ​ຄ່າ​ເສດ​ຖະ​ກິດກວມເອົາຫຼາຍກວ່າ 40% ຂອງ​ໂລກ
243,ອັດຕາການເຕີບໂຕຂອງເສດຖະກິດໂລກມີຫຼາຍກວ່າ 80% ເຊິ່ງ​ໄດ້​ກາຍ​ເປັນກ້ອນກຳ​ລັງ​ສຳ​ຄັນ​ໃນ​ການ​ປົກ​ປັກ​ຮັກ​ສາ​ສັນ​ຕິ​ພາບ
244,ຊຸກ​ຍູ້​ການ​ພັດ​ທະ​ນາ​ ແລະ ປັບ​ປຸງ​ການ​ບໍ​ລິ​ຫານ​ຂອງ​ໂລກຈ້ອງມອງອະ​ນາ​ຄົດ
245,ຖ້າ​ຢາກ​ເຮັດໃຫ້ໂລກ​ມີ​ຄວາມ​ໝັ້ນ​ຄົງ ແລະ ພັດທະນາດີຂຶ້ນ, ເຂດ​ໂລກ​ໃຕ້ແມ່ນເປັນ​ຂໍ​ກະ​ແຈ​ທີ່​ສຳ​ຄັນ
246, ເຂດ​ໂລກ​ໃຕ້​ຄວນ​ສ້າງ​ຄວາມ​ເຂັ້ມ​ແຂງ​ດ້ວຍ​ຕົນ​ເອງ, ສາ​ມັກ​ຄີ​ກັນ ແລະ ພັດ​ທະ​ນາຮ່ວມກັນ
247,ການຮ່ວມມືຈີນ-ລາວໄດ້ສ່ອງແສງເຖິງການຮ່ວມມືກັນກ້າວເດີນໄປຂ້າງໜ້າລະຫວ່າງປະເທດສະມາຊິກເຂດໂລກ​ໃຕ້
248,ເຊື່ອວ່າໃນອະນາຄົດ ສອງປະເທດຈີນ-ລາວຈະສືບຕໍ່ສົ່ງເສີມຈິດ​ໃຈ ແລະ ຄວາມ​ກ້າ​ຫານ​ແຫ່ງ​ການ​ບຸກ​ເບີກ​ທີ່ຄ້າຍຄື​ກັບນາຈາ
249,ລົງ​ເລິກ​ການ​ຮ່ວມ​ມື​ຢ່າງ​ບໍ່​ຢຸດ​ຢັ້ງນຳ​ເອົາ​ຜົນ​ປະ​ໂຫຍດຕົວຈິງມາ​ໃຫ້ແກ່ປະ​ຊາ​ຊົນ​ສອງ​ຊາດຈີນ-ລາວ ນັບມື້ຫຼາຍຂຶ້ນກວ່າ​ເກົ່າ
250,ສ້າງ​ໄດ້​ແບບ​ຢ່າງ​ທີ່​ດີ​ໃຫ້​ແກ່​ປະ​ເທດ​ສະ​ມາ​ຊິກ​ໃນ​ເຂດ​ໂລກ​ໃຕ້ ແລະ ປະ​ກອບ​ສ່ວນສໍາຄັນ​ເຂົ້າ​ໃນ​ການ​ຊຸກ​ຍູ້​
251,ກົມສົ່ງເສີມການຄ້າ ແລະ ຫັດຖະກຳ ກະຊວງອຸດສາຫະກໍາ ແລະ ການຄ້າ ແຫ່ງ ສປປ ລາວ ຮ່ວມກັບ ກົມສົ່ງເສີມການຄ້າ
252,ກະຊວງອຸດສາຫະກໍາ ແລະ ການຄ້າ ແຫ່ງ ສສ ຫວຽດນາມ ແລະ ສູນການຄ້າລາວ-ໄອເຕັກ ຈະຈັດງານວາງສະແດງສິນຄ້າ
253,ຈຸດປະສົງຂອງການຈັດງານໃນຄັ້ງນີ້ ແມ່ນເພື່ອເປັນການສືບຕໍ່ເພີ່ມທະວີເສີມຂະຫຍາຍສາຍພົວພັນມິດຕະພາບ
254,ຄວາມສາມັກຄີແບບພິເສດ, ການຮ່ວມມືຮອບດ້ານ ລະຫວ່າງ ລາວ-ຫວຽດນາມໂດຍສະເພາະ ການເພີ່ມທະວີຄວາມຮ່ວມມື
255,ພ້ອມດຽວກັນນັ້ນ ກໍ່ເປັນການ ເປີດໂອກາດໃຫ້ນັກທຸລະກິດ, ຜູ້ປະກອບການຂອງ 2 ປະເທດ ໄດ້ມີການແລກປ່ຽນບົດຮຽນ
256, ແນະນໍາຄຸນນະພາບສິນຄ້າ ຂອງກັນ ແລະ ກັນ ເພື່ອກ້າວໄປເຖິງການຊື້-ຂາຍສິນຄ້າໃຫ້ຫຼາຍຂຶ້ນກວ່າເກົ່າ
257, ງານວາງສະແດງສິນຄ້າ ແມ່ນກິດຈະກຳໜຶ່ງທີ່ຈະກະຕຸ້ນການຄ້າສອງຝ່າຍໃຫ້ມີການຂະຫຍາຍຕົວ
258,ການຜັນຂະຫຍາຍສົນທິສັນຍາການຄ້າຂອງສອງລັດຖະບານ ຊຶ່ງໄດ້ກຳນົດມູນຄ່າການຄ້າໃຫ້ບັນລຸຕາມເປົ້າໝາຍທີ່ວາງໄວ້
259,ພາຍໃນງານໃນຄັ້ງນີ້ ຈະມີຫ້ອງວາງສະແດງສິນຄ້າທັງໝົດ 200 ກວ່າຫ້ອງສິນຄ້າ ມາວາງສະແດງ
260,ໃນນັ້ນມີທຸລະກິດ ຈາກ ສສ ຫວຽດນາມ ແລະ ພາກທຸລະກິດ ລາວ ເຂົ້າຮ່ວມ ຈາກທົ່ວປະເທດ
261,ສິນຄ້າທີ່ນຳມາວາງສະແດງສ່ວນໃຫຍ່ຈະແມ່ນ ເຄື່ອງອຸປະໂພກ-ບໍລິໂພກ, ສິນຄ້າກະສິກໍາປຸງແຕ່ງ
262,ຜະລິດຕະພັນການກະເສດ, ເຄື່ອງຫັດຖະກຳ, ເຄື່ອງຕັດຫຍິບ-ແຟຊັ້ນ, ອາຫານທະເລ, ເຄື່ອງເຟີນິເຈີ້, ຢາ ແລະ ອຸປະກອນການແພດ
263,ນອກຈາກການວາງສະແດງສິນຄ້າແລ້ວ, ພາຍໃນງານ ຍັງມີກິດຈະກໍາ ອື່ນເຊັ່ນ: ການແຈກຢາຍສິນຄ້າໂປຣໂມຊັ້ນ
264,ຈໍານວນໜຶ່ງໃຫ້ຜູ້ມາຊົມງານ, ການສະແດງສິລະປະວັນນະຄະດີທີ່ເປັນເອກະລັກໂດດເດັ່ນ ຂອງສອງຊາດ ລາວ- ຫວຽດນາມ
265,ຄະນະໄດ້ໄປຢ້ຽມຢາມໂຮງງານປຸງແຕ່ງວາຍ ຂອງບໍລິສັດອິນແປງ ການຄ້າຂາອອກ-ຂາເຂົ້າ ຈຳກັດຜູ້ດຽວ ຢູ່ເມືອງທ່າແຕງ ແຂວງເຊກອງ
266,ໂຮງງານດັ່ງກ່າວ ແມ່ນໄດ້ລິເລີ່ມຄົ້ນຄວ້າສູດປຸງແຕ່ງວາຍໄດ້ສ້າງຕັ້ງໂຮງງານ ໂດຍເລີ່ມປຸງແຕ່ງວາຍ 4 ຊະນິດ
267,ວາຍໝາກຂາມປ້ອມ, ວາຍໝາກຈັນ, ວາຍໝາກນອດ ແລະ ວາຍໝາກກ້ວຍ ຜ່ານການປຸງແຕ່ງ ແລະ ຈໍາໜ່າຍຜະລິດຕະພັນ
268,ໄດ້ຮັບຄວາມສົນໃຈ ແລະ ຕອບຮັບຈາກສັງຄົມເປັນຢ່າງດີ ຄຽງຄູ່ກັບຜະລິດຕະພັນ ທີ່ຮັບປະກັນຄຸນນະພາບ
269,ສາມາດໄດ້ຮັບການຢັ້ງຢືນ ເປັນສິນຄ້າ ໜຶ່ງເມືອງ ໜຶ່ງຜະລິດຕະພັນທີ່ໄດ້ຮັບຜົນຕອບຮັບທີ່ດີ
270,ທ່ານ ສອນໄຊ ສີພັນດອນ ກໍໄດ້ມີຄຳເຫັນໂອ້ລົມ ໂດຍໄດ້ສະແດງຄວາມຍ້ອງຍໍຊົມເຊີຍ ຕໍ່ຜົນສຳເລັດ
271, ໃນການຄົ້ນຄວ້າສູດ ແລະ ປຸງແຕ່ງວາຍ ຢູ່ ສປປ ລາວ, ທັງເຕີບໃຫຍ່ທາງດ້ານປະລິມານ ແລະ ຄຸນນະພາບເປັນກ້າວໆ
272,ຫຼຸດຜ່ອນການນຳເຂົ້າຈາກຕ່າງປະເທດ, ສ້າງວຽກເຮັດງານທຳ ໃຫ້ປະຊາຊົນໃນທ້ອງຖິ່ນ ແລະ ນຳໃຊ້ໝາກໄມ້ພື້ນເມືອງທີ່ມີຂອງທ້ອງຖິ່ນ
273,ການສ້າງມູນຄ່າເພີ່ມ, ປະກອບສ່ວນເຂົ້າໃນການພັດທະນາເສດຖະກິດ-ສັງຄົມ ຂອງເມືອງ, ຂອງແຂວງ
274,ອັນສຳຄັນ, ທ່ານ ໄດ້ເນັ້ນໜັກ ໃຫ້ເຈົ້າຂອງກິດຈະການດັ່ງກ່າວ ເອົາໃຈໃສ່ຕື່ມບາງດ້ານ
275,ສືບຕໍ່ຍົກລະດັບມາດຕະຖານເຕັກນິກຂອງໂຮງງານ ໃຫ້ສູງຂຶ້ນເລື້ອຍໆ, ພ້ອມທັງ ຮັກສາມາດຕະຖານດ້ານຄຸນນະພາບ ຂອງວາຍ
276,ໃຫ້ມີຄວາມຕໍ່ເນື່ອງ ແລະ ເປັນເອກະລັກສະເພາະພິຈາລະນາ ຈົດລິຂະສິດຜົນການສຶກສາຄົ້ນຄວ້າສູດການປຸງແຕ່ງວາຍໄວ້ຄັກແນ່
277,ຈັດເກັບຜະລິດຕະພັນໄວ້ ໃນສະຖານທີ່ ແລະ ອຸນຫະພູມ ທີ່ເໝາະສົມ ເພື່ອໃຫ້ສາມາດເກັບຮັກສາຜະລິດຕະພັນໄວ້ໃນໄລຍະຍາວ
278, ສືບຕໍ່ຄົ້ນຄວ້າສູດ ແລະ ປຸງແຕ່ງວາຍໝາກໄມ້ຊະນິດຕ່າງໆ ທີ່ປະເທດເຮົາມີທ່າແຮງ ໃຫ້ເພີ່ມຫຼາຍຂຶ້ນ
279, ພິຈາລະນາພັດທະນາເຂດທີ່ຕັ້ງໂຮງງານ ຕິດພັນກັບການບໍລິການດ້ານການທ່ອງທ່ຽວ ເປັນຕົ້ນ ໂຄງລ່າງພື້ນຖານການທ່ອງທ່ຽວ
280,ກອງກວດກາປ່າໄມ້, ພະແນກກະສິກໍາ ແລະ ປ່າໄມ້ ແຂວງບໍລິຄໍາໄຊ ໄດ້ມອບສັດປ່າປະເພດຫ່ວງຫ້າມ
281,ການມອບສັດປ່າປະເພດຫວງຫ້າມນີ້ແມ່ນການປະຕິບັດຕາມລະບຽບກົດໝາຍແລະ ທິດຊີ້ນໍາ
282,ກ່ຽວກັບການນໍາເອົາສັດປ່າໂຕໝີຍັງມີຊີວິດທີ່ຍຶດໄດ້ຈາກການລັກລອບຂອງກຸ່ມຄົນບໍ່ດີ
283,ສັດດັ່ງກ່າວ ແມ່ນສັດຫວງຫ້າມປະເພດ1 ເພື່ອໃຫ້ສັດມີຄວາມແຂງແຮງ ແລະ ປອດໄພ
284,ເມື່ອກ່ອນ ສັດຈໍານວນດັ່ງກ່າວ ແມ່ນຂໍຝາກໄວ້ນໍາບໍລິສັດ ວັນນະແສງການຄ້າ ຈໍາກັດ ຜູ້ດຽວ ເປັນຜູ້ດູແລ
285,ຍ້ອນກອງກວດກາປ່າໄມ້ ແຂວງບໍລິຄໍາໄຊ ແມ່ນບໍ່ມີຄອກ ຫຼື ສະຖານທີ່ຂັງສັດປ່າ ແລະ ບໍ່ມີຄວາມຮູ້ທາງດ້ານວິຊາການບໍາບັດ
286,ມາຮອດປະຈຸບັນ ການດໍາເນີນຄະດີດັ່ງກ່າວ ສານໄດ້ຕັດສິນຜູ້ຖືກຫາແລ້ວເພື່ອໃຫ້ສອດຄ່ອງຕາມລະບຽບກົດໝາຍ
287,ກອງກວດກາປ່າໄມ້ແຂວງບໍລິຄໍາໄຊ ຈຶ່ງໄດ້ມອບສັດປ່າດັ່ງກ່າວ ໃຫ້ກັບໂຄງການ ອະນຸລັກໝີລາວ ປະຈໍາແຂວງຫຼວງພະບາງ
288,ສືບຕໍ່ບໍາລຸງປົກປັກຮັກສາສັດປ່າດັ່ງກ່າວ ໃຫ້ມີຄວາມແຂງແຮງ ແລະ ຖືກຕ້ອງສອດຄ່ອງກັບລະບຽບກົດໝາຍ
289,ສູນການຮ່ວມມືປະຕິບັດກົດໝາຍແມ່ນໍ້າລ້ານຊ້າງ-ແມ່ນໍ້າຂອງໄດ້ຈັດກອງປະຊຸມໂຕະມົນ ເພື່ອວິເຄາະສະພາບການກໍ່ອາຊະຍາກຳ
290,ຢູ່ພາກພື້ນແມ່ນ້ຳລ້ານຊ້າງ-ແມ່ນ້ຳຂອງ ຄັ້ງທີ 2 ຢູ່ນະຄອນຄຸນໝິງ ແຂວງຢຸນນານຈີນ
291,ການເພີ່ມທະວີການແລກປ່ຽນຂໍ້ມູນຂ່າວສານ, ລົງເລິກການປະຕິບັດກົດໝາຍຮ່ວມກັນ ແລະ ຍົກສູງຄວາມສາມາດ
292,ການປະຕິບັດກົດໝາຍ ແມ່ນມາດຕະການທີ່ສຳຄັນໃນການຮັບມືກັບອາຊະຍາກຳຂ້າມຊາດ
293,ເຕົ້າໂຮມຄວາມເຫັນທີ່ເປັນເອກະພາບກັນກ່ຽວກັບການຮ່ວມມື ລະຫວ່າງ ອົງການປະຕິບັດກົດໝາຍ ຂອງ 6 ປະເທດ
294,ສ້າງພື້ນຖານທີ່ໜັກແໜ້ນ ໃຫ້ແກ່ການຮ່ວມກັນປາບປາມອາຊະຍາກຳຂ້າມຊາດ ໃນອະນາຄົດ
295,ຝ່າຍຕ່າງໆ ຈະສືບຕໍ່ເພີ່ມທະວີການແລກປ່ຽນຂ່າວລັບ ແລະ ການເຄື່ອນໄຫວປະຕິບັດກົດໝາຍຮ່ວມ
296,ເພື່ອຮ່ວມກັນປົກປັກຮັກສາຄວາມໝັ້ນຄົງ ແລະ ສະຖຽນລະພາບຂອງພາກພື້ນແມ່ນ້ຳລ້ານຊ້າງ-ແມ່ນ້ຳຂອງ
297,ແຕ່ງຕັ້ງຜູ້ຕາງໜ້າພາກສ່ວນປະຕິບັດກົດໝາຍ ຈາກ 6 ປະເທດ ຄື: ຈີນ, ລາວ, ໄທ, ກຳປູເຈຍ, ມຽນມາ ແລະ ຫວຽດນາມ ຮ່ວມກັນເປີດ
298,ການເຄື່ອນໄຫວຮັກສາຄວາມສະຫງົບປອດໄພ ຢູ່ແມ່ນ້ຳລ້ານຊ້າງ-ແມ່ນ້ຳຂອງ
299,ສະມາຄົມເຟີນິເຈີລາວ ຮ່ວມກັບພາກສ່ວນກ່ຽວ ຂ້ອງຈະຈັດງານວາງສະແດງຜະລິດຕະພັນ ເຟີນິເຈີລາວ
300,ເຄື່ອງເຟີນິເຈີທີ່ຜະລິດດ້ວຍໄມ້, ຫວາຍ ແລະ ໄມ້ປ່ອງ, ເຄື່ອງແກະສະຫຼັກ, ເຄື່ອງປະດັບເອ້ ແລະ ຕົບແຕ່ງພາຍໃນເຮືອນ
301,ຕະຫຼອດຮອດສິນຄ້າປະເພດອາຫານ ແລະ ຢາ ເພື່ອບໍລິການ ແຂກ-ຄົນ ພາຍໃນ ແລະ ຕ່າງປະເທດ ເພື່ອຊື້ກັບບ້ານ
302,ຈຸດປະສົງການຈັດງານຄັ້ງນີ້ ກໍເພື່ອເປັນການໂຄສະນາສິນຄ້າເຟີນິເຈີລາວ ໃຫ້ມີຕະຫຼາດຈຳໜ່າຍກວ້າງຂວາງຂຶ້ນ
303,ເພື່ອໃຫ້ບັນດາຊາວຊ່າງ ແລະ ຜູ້ປະກອບການ ດ້ານເຟີນິເຈີ ມີໂອກາດເຂົ້າເຖິງການຕະຫຼາດຜະລິດຕະພັນເຟີນິເຈີ ຂອງຕົນ
304,ມີໂອກາດພົບປະແລກປ່ຽນບົດຮຽນ ປະສົບການທາງດ້ານການຜະລິດ, ການວາງສະແດງ ແລະ ການຂາຍ
305,ເພື່ອເປັນການສົ່ງເສີມການສ້າງວຽກເຮັດງານທຳ ແລະ ສີໄມ້ລາຍມືຂອງຄົນລາວເຮົາ ນຳອີກ
306,ໜັງສືພິມວຽງຈັນທາຍ ໄດ້ບັນທຶກປະຫວັດສາດຂອງຊາດ ແລະ ລາຍງານຂ່າວເຫດການເດັ່ນໃນການປົກປັກຮັກສາ ແລະ ສ້າງສາພັດທະນາ
307,ປະເທດລາວອອກສູ່ໂລກໄດ້ຢ່າງກວ້າງຂວາງ ແລະ ໄປເຖິງກຸ່ມເປົ້າໝາຍ ເຊິ່ງໃນໄລຍະຕົ້ນ ເປັນລາຍສັບປະດາ
308,ໜັງສືພິມພາສາຕ່າງປະເທດແມ່ນໜຶ່ງໃນບັນດາສື່ຫຼັກຂອງລັດຖະບານ, ເຊິ່ງຂຶ້ນກັບກະຊວງຖະແຫຼງຂ່າວ, ວັດ ທະນະທຳ ແລະ ທ່ອງທ່ຽວ
309,ປັດຈຸບັນປະກອບດ້ວຍຫຼາຍຄໍລໍາ ເປັນຕົ້ນ ຂ່າວພາຍໃນ, ຂ່າວຕ່າງປະເທດ, ຂ່າວທຸລະກິດ, ຂ່າວບັນເທິງ ແລະ ຂ່າວກິລາ
310,ນອກນັ້ນ ຍັງມີຄໍລໍາບົດ ເຊັ່ນ: ສຶກສາ, ສາທາ, ວັດທະນະທໍາ, ທ່ອງທ່ຽວ ແລະ ບົດຄວາມເຫັນຈາກສັງຄົມທີ່ມີຫົວຂໍ້ແຕກຕ່າງກັນ
311,ໜັງສືພິມໄດ້ສ້າງເວັບໄຊ ເຊິ່ງເປັນເວັບໄຊຂອງສື່ມວນຊົນລາວທໍາອິດຢ່າງເປັນທາງການໂດຍແນໃສ່ເຮັດໃຫ້ຂ່າວລາວອອກສູ່ໂລກພາຍນອກ
312,ເພື່ອໃຫ້ທຸກຄົນໃນສັງຄົມໄດ້ຮູ້ທັນກັບສະພາບການ, ກວ້າງຂວາງຢ່າງວ່ອງໄວ ແລະ ໄປເຖິງຫຼາຍກຸ່ມເປົ້າໝາຍ
313,ໜ່ວຍງານດັ່ງກ່າວກໍໄດ້ສ້າງຖານຂໍ້ມູນເພື່ອບັນທຶກເນື້ອໃນໜັງສືພິມທັງໝົດໄວ້ໃນລະບົບຖານຂໍ້ມູນ
314,ໜັງສືພີມວຽງຈັນທາຍຍັງໄດ້ພັດທະນາໂປຣແກຣມວັດຈະນານຸກົມລາວ-ອັງກິດ-ລາວ ແລະ ລາວ-ລາວຂຶ້ນເພື່ອຮັບໃຊ້ພາຍໃນໜັງສືພິມ
315,ໜັງສືພິມໄດ້ເປັນສະມາຊິກຂອງອົງການເຄືອຂ່າຍຂ່າວພາກພື້ນ ແລະ ສາກົນທີ່ມີຄໍາຂວັນວ່າຂ່າວອາຊີໂດຍນັກຂ່າວອາຊີ
316,ພ້ອມນີ້ຍັງໄດ້ເຊັນສັນຍາແລກປ່ຽນຂ່າວກັບສໍານັກຂ່າວຫຼາຍສຳນັກຈາກທົ່ວໂລກເພີ່ມຜະລິດຕະພັນສື່ຂອງຕົນ
317,ການບໍລິການຂ່າວຂໍ້ຄວາມສັ້ນພາສາລາວແລະອັງກິດຜ່ານບໍລິສັດລາວໂທລະຄົມ,ຢູນິເທວ,ອີທີເເອວ
318,ສ້າງໜ້າຂ່າວຢູ່ສື່ອອນລາຍເຟສບຸກ, ຢູທູບ, ເວັບໄຊພາສາລາວ, ພາສາຈີນ ແລະ ໜ້າຕິກຕ໋ອກ
319,ໜັງສືພິມພາສາຕ່າງປະເທດໄດ້ກາຍເປັນເວທີຂອງມະຫາຊົນແລະເປັນອົງການສື່ມວນຊົນແຫ່ງໜຶ່ງ
320,ມີບັນດາແຂກລາວ, ຕ່າງປະເທດມາຢ້ຽມຢາມ ແລະ ຝຶກງານເຊັ່ນ:ນັກຂ່າວ, ນາງ ງາມສາວລາວ, ນັກທຸລະກິດ ແລະ ນັກການທູດ
321,ໃນພິທີອັນສຳຄັນ ແລະ ມີຄວາມໝາຍດັ່ງກ່າວທ່ານ ທອງຫຼໍ່ ດວງສະຫວັນ ໄດ້ກ່າວຄຳຂອບໃຈຕໍ່ ການນຳພັກລັດ ບັນດາສະຖານທູດ
322,ທີ່ໄດ້ໃຫ້ການຊ່ວຍພັດທະນາໜັງສືພິມວຽງຈັນທາຍທາງດ້ານເຫື່ອແຮງ, ວັດຖຸ ແລະ ປັດໄຈລວມທັງໄລຍະຕົ້ນ, ໄລຍະກາງ ແລະ ປັດຈຸບັນ
323, ປະທານສະມາຄົມນັກຂ່າວລາວ ແລະ ອະດີດຫົວໜ້າບັນນາທິການໃຫຍ່ ໜັງສືພີມ ວຽງຈັນທາຍ ໄດ້ ຫວນຄືນ ເຖິງມູນເຊື້ອ, ສິ່ງທ້າທາຍ
324, ລວມເຖິງອຸດົມການອັນໜັກແໜ້ນ ທີ່ເຮັດໃຫ້ວຽງຈັນທາຍ ຜ່ານຝ່າອຸປະສັກມາຮອດທຸກມື້ນີ້ໄດ້
325,ອະດີດຫົວໜ້າບັນນາທິການໃຫຍ່ວຽງຈັນທາຍກ່າວວ່າ:ວຽງຈັນທາຍໄດ້ຍຶດໝັ້ນຈິດໃຈ, ເພິ່ງຕົນເອງກຸ້ມຕົນເອງ ແລະ ສ້າງຄວາມເຂັ້ມແຂງ
326,ເພື່ອປະສົບຄວາມສໍາເລັດທີ່ໜ້າຊື່ນຊົມໃນການໂຄສະນາສາມາດເປັນແຫຼ່ງຂ່າວຂ້ໍມູນທາງການສໍາຄັນທີ່ໜ້າເຊື່ອຖືເທົ່າທຸກມື້ນີ້ໄດ້
327,ສປປ ລາວ ແລະ ສາທາລະນະລັດ ອິນເດຍ ລົງນາມເອກະສານຮ່ວມມືສອງຝ່າຍປະກອບມີ:ການຮ່ວມມືຂົງເຂດວຽກງານປ້ອງກັນຊາດ
328,ສັນຍາວ່າດ້ວຍການຮ່ວມມືການຊ່ວຍເຫຼືອກັນໃນດ້ານວຽກງານພາສີການຮ່ວມມືການກະຈາຍສຽງ ແລະ ພາບ ລະຫວ່າງລາວ- ອິນເດຍ
329,ໂຄງການອະນຸລັກມໍລະດົກດ້ານສິລະປະພະລັກພະລາມ ແຂວງຫຼວງພະບາງ ແລະ  ໂຄງການປະຕິສັງຂອນວັດຜາເກຍ
330,ຄງການປົກປັກຮັກສາການສະແດງປະລັດຕື້ ແລະ ການພັດທະນາບຸກຄະລາກອນຮຸ່ນສືບທອດເພື່ອໃຫ້ມີຄວາມຍືນຍົງຢູ່ແຂວງຈໍາປາສັກ
331,ໂຄງການກໍ່ສ້າງທາງຮ່ອມ ແລະ ຮ່ອງລະບາຍນໍ້າຢູ່ຮ່ອມ 5 ບ້ານໂສກປ່າຫຼວງ ນະຄອນຫຼວງວຽງຈັນ
332,ພິທີລົງນາມເອກະສານຮ່ວມມືສອງຝ່າຍ ດັ່ງກ່າວນີ້ ໂດຍການເຂົ້າຮ່ວມເປັນສັກຂີພິຍານ ຂອງທ່ານ ສອນໄຊ ສີພັນດອນ
333,ພາຍຫຼັງທັງສອງທ່ານ ນາຍົກລັດຖະມົນຕີ ລາວ ແລະ ອິນເດຍ ສໍາເລັດການພົບປະ ເພື່ອປຶກສາຫາລື ແລະ ແລກປ່ຽນຄໍາຄິດເຫັນ
334,ເພື່ອສົ່ງເສີມການຮ່ວມມື ລະຫວ່າງ ສອງປະເທດ ໃຫ້ໄດ້ຮັບການພັດທະນາ ຍິ່ງໆຂຶ້ນຜ່ານມານີ້ ທີ່ນະຄອນຫຼວງວຽງຈັນ
335,ໃນໂອກາດທີ່ທ່ານ ນາເລັນ ດຣາ ໂມດີ ໄດ້ເດີນທາງມາຢ້ຽມຢາມເຮັດວຽກ ແລະ ເຂົ້າຮ່ວມກອງປະຊຸມສຸດຍອດ ອາຊຽນ-ອິນເດຍ
336,ການພົບປະທັງສອງຝ່າຍ ໄດ້ສະແດງຄວາມຍິນດີ ທີ່ເຫັນວ່າການພົວພັວຮ່ວມມືຂອງສອງປະເທດຍັງສືບຕໍ່ຮັກສາໄວ້ມິດຕະພາບ
337,ມູນເຊື້ອອັນດີງາມທີ່ມີຮີດຄອງປະເພນີ ແລະ ວັດທະນະທໍາຄ້າຍຄຽງກັນປະຊາຊົນສອງຊາດ ມີການໄປມາຫາສູ່ກັນ
338,ການພົບປະຢ້ຽມຢາມລະຫວ່າງ ການນໍາຂັ້ນສູງ ຂອງສອງປະເທດຢ່າງເປັນປົກກະຕິລວມທັງມີການຊ່ວຍເຫຼືອ ແລະ ສະໜັບສະໜູນ
339,ທັງໃນຂອບສອງຝ່າຍ ແລະ ຫຼາຍຝ່າຍໃນຂົງເຂດພາກພື້ນສາກົນທັງສອງຝ່າຍເປັນເອກະພາບຈະສືບຕໍ່ຊຸກຍູ້ລົງເລິກການຮ່ວມມືບາງດ້ານ
340,ການຮ່ວມມືດ້ານພະລັງງານແສງຕາເວັນ, ການຊຸກຍູ້ນັກທຸລະກິດ ອິນເດຍ ເຂົ້າມາລົງທຶນ ຢູ່ ສປປ ລາວ ໃນຂົງເຂດ ທີ່ ສປປ ລາວ ມີທ່າແຮງ
341,ດ້ານພະລັງງານສະອາດ, ກະສິກໍາ, ອຸດສາຫະກໍາປຸງແຕ່ງ, ວັດທະນະທໍາ ແລະ ການທ່ອງທ່ຽວແບບທໍາມະຊາດ ແລະ ຂົງເຂດອື່ນໆ
342,ສະແດງຄວາມຂອບໃຈ ແລະ ຮູ້ບຸນຄຸນຕໍ່ລັດຖະບານ ແລະ ປະຊາຊົນ ອິນເດຍ ທີ່ໄດ້ໃຫ້ການຊ່ວຍເຫຼືອ ສປປ ລາວ ໃນໄລຍະຜ່ານມາ
343,ບັນດາໂຄງການຊ່ວຍເຫຼືອ ເພື່ອການພັດທະນາ ແລະ ເສດຖະກິດຂອງອິນເດຍໂຄງການເຫັນຜົນໄວ ພາຍໃຕ້ຂອບແມ່ນໍ້າຂອງ-ແມ່ນໍ້າຄົງຄາ
344,ການຊ່ວຍເຫຼືອທຶນຝຶກອົບຮົມໄລຍະສັ້ນ ແລະ ໄລຍະຍາວ, ການຊ່ວຍເຫຼືອວຽກງານບູລະນະບູຮານສະຖານ
345,ວຽກງານການຈັດຕັ້ງ ແລະ ວຽກງານພະນັກງານ ເປັນວຽກໜຶ່ງທີ່ພັກເຮົາ ໃຫ້ຄວາມສຳຄັນພາຍຫຼັງທີ່ພັກເຮົາ ໄດ້ສ້າງຕັ້ງຂຶ້ນ
346,ການປະກາດສ້າງຕັ້ງຫ້ອງການໜຶ່ງຂອງພັກ ຂຶ້ນທີ່ເອີ້ນວ່າ:ຫ້ອງການພະນັກງານທົ່ວປະເທດຂອງສູນກາງພັກ
347,ກາຍເປັນຄະນະຈັດຕັ້ງສູນກາງພັກໃນໄລຍະຕໍ່ມາຈົນເຖິງປັດຈຸບັນເຫດການດັ່ງກ່າວໄດ້ສະແດງເຖິງ
348,ການໃຫ້ຄວາມສຳຄັນເປັນແຖວໜ້າຂອງສູນກາງພັກ ຕໍ່ກັບວຽກງານການຈັດຕັ້ງ ແລະ ວຽກງານພະນັກງານແຕ່ຫົວທີຂອງພັກເຮົາ
349,ກໍຄືຄວາມເອົາໃຈໃສ່ເປັນພິເສດ ຕໍ່ກັບວຽກງານນີ້ ຂອງປະທານໄກສອນ ພົມວິຫານ ແລະ ບັນດາສະຫາຍການນຳຮຸ່ນກໍ່ຕັ້ງພັກ
350, ເລຂາທິການໃຫຍ່ ຄະນະບໍລິຫານງານສູນກາງພັກ ປະທານປະເທດ ໄດ້ກ່າວສູນທອນພົດ ເມື່ອອາທິດຜ່ານມາ
351,ໂດຍໄດ້ກ່າວຊົມເຊີຍຕໍ່ຜົນສຳເລັດຂອງໃນຕະຫຼອດໄລຍະທີ່ຜ່ານມາທັງຍັງເນັ້ນໜັກເຖິງບາງຈຸດສຳຄັນ
352,ຂະແໜງຈັດຕັ້ງທຸກຂັ້ນຕ້ອງ ໄດ້ເອົາໃຈໃສ່ໃນຕໍ່ໜ້າ ເພື່ອສືບຕໍ່ບຸກໜ້າບືນຕົວກ້າວຂຶ້ນ ແລະ ມີຜົນງານໃໝ່ທີ່ໃຫຍ່ຫຼວງກວ່າເກົ່າ
353,ຄວາມພາກພູມໃຈຕໍ່ຄວາມເຕີບໃຫຍ່ຂອງພັກເຮົາ ແລະ ຂອງຜູ້ປະຕິບັດໜ້າທີ່ໃນວຽກງານຈັດຕັ້ງພະນັກງານທີ່ຖືກມອບໝາຍ
354,ການນຳ ແລະ ພະນັກງານທຸກຂັ້ນ, ທຸກໆຄົນ ທີ່ໄດ້ອຸທິດເຫື່ອແຮງ ແລະ ສະຕິປັນຍາ ເຂົ້າໃນການປະຕິບັດວຽກງານສ້າງພັກ
355,ສ້າງພະນັກງານ ແລະ ວຽກງານປັບປຸງບູລະນະການຈັດຕັ້ງໃຫ້ພັກລັດຂອງປະເທດເຮົາໃນທຸກຍຸກທຸກສະໄໝ
356,ການສະສົມບົດຮຽນ ແລະ ປະສົບການການນໍາພາຂອງວຽກງານຈັດຕັ້ງ ແລະ ພະນັກງານຂອງພັກເຮົາ
357,ໃນພາລະກິດບູລະນະແນວທາງພະນັກງານບປຸງການຈັດຕັ້ງ ໃຫ້ຕອບສະໜອງໄດ້ຄວາມຮຽກຮ້ອງຕ້ອງການຂອງແນວທາງປ່ຽນແປງໃໝ່
358,ຜົນງານ ແລະ ໄຊຊະນະຂອງວຽກງານຈັດຕັ້ງພະນັກງານໃນຕະຫຼອດປີຜ່ານມາ ແມ່ນເປັນທຶນຮອນອັນມະຫາສານ
359, ເປັນການສ້າງໄດ້ພື້ນຖານແຫ່ງກຳລັງແຮງ ໃຫ້ແກ່ພັກເຮົາ ເພື່ອເປັນແປ້ນຢັນໃຫ້ບາດກ້າວເດີນຂອງພັກ ໃນອະນາຄົດ
360,ວຽກງານຈັດຕັ້ງ ແລະ ພະນັກງານຂອງພັກ ຍັງມີພາລະກຳອັນໃຫຍ່ຫຼວງໃນຕໍ່ໜ້າເຊັ່ນການເປັນເສນາທິການໃຫ້ພັກ
361,ຢາກໃຫ້ຜູ້ເຮັດວຽກຈັດຕັ້ງ ຕ້ອງໄດ້ຄິດວາດພາບເອົາໄວ້ວ່າຈະເຮັດໃຫ້ພັກເຮົາ, ລັດເຮົາ ມີຮູບຮ່າງໜ້າຕາຄືແນວໃດ ເມື່ອເຖິງມື້ນັ້ນ
362,ເຖິງວ່າພວກເຮົາ, ກຳລັງສ້າງໂຄງການການເມືອງສະບັບທີ III ຂອງພັກເຮົາ ຂຶ້ນທີ່ຈະກຳນົດວິໄສທັດໄລຍະກາງ ແລະ ໄລຍະຍາວ
363,ການກ້າວຂຶ້ນຂອງປະເທດຊາດເຮົາເພື່ອຈະໄດ້ຮັບຮອງເອົາໃນກອງປະຊຸມໃຫຍ່ກໍຍັງມີເວລາຈຳນວນໜຶ່ງສຳລັບການພິນິດພິຈາລະນາ
364,ເຖິງວ່າວຽກງານຈັດຕັ້ງຂອງພວກເຮົາ ສາມາດບັນລຸໄດ້ຜົນງານອັນໃຫຍ່ຫຼວງກໍຕາມແຕ່ວຽກງານຈັດຕັ້ງ-ພະນັກງານ
365,ຕ້ອງໄດ້ປັບປຸງປ່ຽນແປງຫຼາຍດ້ານ ເພື່ອຮັບມືກັບສະພາບການໃໝ່ ແລະ ຄວາມຮຽກຮ້ອງຕ້ອງການໃໝ່
366,ການຍົກສູງຄວາມຮັບຜິດຊອບການເມືອງ ເພື່ອກໍ່ສ້າງພັກ ໃຫ້ປອດໃສ, ເຂັ້ມແຂງ, ໜັກແໜ້ນ
367,ການເລືອກເຟັ້ນ, ກໍ່ສ້າງບຳລຸງ ແລະ ນຳໃຊ້ພະນັກງານໃຫ້ຖືກຄົນ,ຖືກວຽກ,ຖືກຈຸດໃຫ້ຄ່ອງກັບຄວາມຕ້ອງການໃນແຕ່ລະເງື່ອນໄຂ
368,ການປັບປຸງກົງຈັກການຈັດຕັ້ງ ໃນລະບົບການເມືອງ ໃຫ້ຮັດກຸມ, ກະທັດຮັດ ແລະ ມີປະສິດທິພາບ, ການບັນຈຸຄຸນທາດການເມືອງ
369,ຄຸນສົມບັດສິນທຳປະຕິວັດ ເຂົ້າໃນທາດແທ້ຂອງສະມາຊິກພັກ-ພະນັກງານເພື່ອຕອບສະໜອງຄວາມຮຽກຮ້ອງ
370,ໃນສະເພາະໜ້າ ແລະ ຍາວນານຂອງພັກ ຍັງແມ່ນພາລະໜ້າທີ່ທີ່ຈະຕ້ອງໄດ້ຕັ້ງໜ້າດຳເນີນການປັບປຸງປ່ຽນແປງຕໍ່ໄປຢ່າງຈິງຈັງ
371,ຂະແໜງຈັດຕັ້ງທຸກຂັ້ນ ຈົ່ງສືບຕໍ່ບຸກໜ້າບືນຕົວກ້າວຂຶ້ນ ແລະ ມີຜົນງານໃໝ່ທີ່ໃຫຍ່ຫຼວງກວ່າເກົ່າ ໂດຍເອົາໃຈໃສ່ບາງຈຸດສຳຄັນ
372,ພັກປະຊາຊົນປະຕິວັດລາວ ຍາມໃດກໍໃຫ້ຄວາມສໍາຄັນ ຕໍ່ການຈັດຕັ້ງຮາກຖານພັກສະເໜີມາແລະ ຖືເອົາການກໍ່ສ້າງ
373,ປັບປຸງການຈັດຕັ້ງຮາກຖານພັກ ເປັນໜ້າທີ່ຍຸດທະສາດຍາວນານ, ພົວພັນເຖິງການຄົງຕົວ,ການຂະຫຍາຍຕົວຂອງພັກ
374,ການເອົາໃຈໃສ່ຊີ້ນໍາປັບປຸງເນື້ອໃນ, ວິທີການໃນການກໍ່ສ້າງ, ປັບປຸງການຈັດຕັ້ງຮາກຖານພັກ ຢ່າງຕໍ່ເນື່ອງ
375,ເພື່ອສ້າງໃຫ້ການຈັດຕັ້ງຮາກຖານພັກມີຄວາມໜັກແໜ້ນເຂັ້ມແຂງ, ສາມາດດໍາລົງບົດບາດໃນລະບົບການເມືອງຢູ່ຂັ້ນຮາກຖານ
376,ເພື່ອນໍາພາ-ຊີ້ນໍາ ການຈັດຕັ້ງປະຕິບັດໜ້າທີ່ການເມືອງຂອງຮາກຖານໃຫ້ປະກົດຜົນເປັນຈິງ
377,ພັກເຮົາໄດ້ວາງຍຸດທະສາດໃນການກໍ່ສ້າງປັບປຸງໜ່ວຍພັກເປັນແຕ່ລະໄລຍະທົ່ວພັກພວມນໍາພາຈັດຕັ້ງປະຕິບັດແຜນການກໍ່ສ້າງໜ່ວຍພັກ
378,ຂະແໜງຈັດຕັ້ງທຸກຂັ້ນ ຕ້ອງໄດ້ອອກແຮງສືບຕໍ່ເສີມຂະຫຍາຍມູນເຊື້ອອັນສະຫງ່າງາມ ໃນຕະຫຼອດໄລຍະ
379,ແຫ່ງການເຕີບໃຫຍ່ຂະຫຍາຍຕົວຂອງວຽກງານກໍ່ສ້າງພັກ-ພະນັກງານ ແລະ ປັບປຸງກົງຈັກການຈັດຕັ້ງ
380, ຍົກສູງຄວາມສາມາດໃນການເຄື່ອນໄຫວຢ່າງຫ້າວຫັນກວ່າ, ມີປະສິດທິຜົນກວ່າແມ່ນມີຄວາມສຳຄັນທີ່ສຸດ
381,ຄວາມຮຽກຮ້ອງຕ້ອງການໃນສະພາບການໃໝ່ ບໍ່ອະນຸຍາດໃຫ້ພັກເຮົາ, ພະນັກງານເຮົາ ຢູ່ໃນສະພາບຢ້ຳເທົ່າ ຫຼືຖອຍຫຼັງໄດ້
382,ຍົກສູງຄວາມຮັບຜິດຊອບໃນການປະຕິບັດພາລະບົດບາດກ່ຽວກັບວຽກງານກໍ່ສ້າງພັກໂດຍສະເພາະການກໍ່ສ້າງພັກປອດໃສ
383, ເຂັ້ມແຂງໜັກແໜ້ນຕ້ອງບໍ່ແລ່ນນໍາປະລິມານ, ແຕ່ຖືຄຸນນະພາບເປັນກົກ ອັນນີ້ຍັງແມ່ນເປັນຫົວໃຈສຳຄັນໃນການປ່ຽນແປງໃໝ່
384, ພະນັກງານ ແມ່ນກໍາລັງການເມືອງຫຼັກແຫຼ່ງ ໃນພາລະກິດປະຕິວັດຂອງພັກເຮົາ, ເປັນຜູ້ຕັດສິນຜົນໄດ້ຜົນເສຍ
385,ໃນການຈັດຕັ້ງປະຕິບັດແນວທາງ, ນະໂຍບາຍຂອງພັກລັດ ດັ່ງນັ້ນການອົບຮົມບົ່ມເພາະຈາກພັກໃຫ້ເປັນຜູ້ຈົງຮັກພັກດີ
386, ຮັບໃຊ້ປະຊາຊົນ ແລະ ປະເທດຊາດ ດ້ວຍຄວາມບໍລິສຸດໃຈ ຍັງເປັນພາລະໜ້າທີ່ສຳຄັນຂອງວຽກງານຈັດຕັ້ງ ແລະ ພະນັກງານ
387, ສ້າງການຫັນປ່ຽນຢ່າງແຂງແຮງ ແລະ ເລິກເຊິິ່ງ ວຽກງານພະນັກງານ ຕ້ອງຕິດພັນກັບການແກ້ໄຂບັນຫາຢ່າງເປັນລະບົບ
388,ນັບແຕ່ການຫຼຸດຜ່ອນຈໍານວນພະນັກງານດ້ວຍຫຼາຍວິທີ, ມີກົນໄກທີ່ສອດຄ່ອງ, ປັບປຸງກົງຈັກການຈັດຕັ້ງພັກລັດ
389,ອົງການຈັດຕັ້ງມະຫາຊົນ, ລັດວິສາຫະກິດ, ການເມືອງ, ສັງຄົມ ແລະ ເປັນທັນສະໄໝ
390,ຍົກສູງຄວາມຮັບຜິດຊອບການເມືອງ, ຄວາມຮັບຜິດຊອບດ້ານວິໄນຂອງພະນັກງານທຸກລະດັບ, ທຸກພາກສ່ວນ
391,ເດັດດ່ຽວແກ້ໄຂບັນຫາການເສື່ອມຖອຍດ້ານມານະຈິດປະຕິວັດ, ທາດແທ້ຄຸນທາດການເມືອງ, ຄຸນສົມບັດສິນທໍາປະຕິວັດ
392,ການຫັນປ່ຽນດ້ວຍຕົນເອງ ຕ້ານກົນອຸບາຍຫັນປ່ຽນໂດຍສັນຕິຂອງອິດທິກໍາລັງປໍລະປັກ ທີ່ສົ່ງຜົນກະທົບຕໍ່ຄວາມໝັ້ນຄົງຂອງຊາດ
393,ຽກພະນັກງານ ແມ່ນຄວາມຮັບຜິດຊອບໂດຍກົງ ຂອງຄະນະພັກແຕ່ລະຂັ້ນ, ຕ້ອງຮັບປະກັນຫຼັກການລວມສູນປະຊາທິປະໄຕ
394,ຕໍ່ກັບບັນຫາພະນັກງານ ແນໃສ່ຄັດຈ້ອນໃຫ້ໄດ້ຄົນດີ, ຄົນເກັ່ງ,ຜູ້ທີ່ມີຄວາມເສຍສະຫຼະ ເພື່ອວຽກງານ ເພື່ອສ່ວນລວມ
395,ເດັດດ່ຽວແກ້ໄຂປະກົດການຂອງລັດທິເອກະຊົນ, ອັດຕະວິໄສ, ພັກພວກ, ຈຸ້ມເຈື້ອ, ທ້ອງຖິ່ນ ແລະ ກຸ່ມຜົນປະໂຫຍດ
396,ໃນເວລາດຽວກັນ, ກໍເດັດດ່ຽວແກ້ໄຂຄວາມມີອະຄະຕິຕໍ່ພະນັກງານສ້າງໃຫ້ພະນັກງານຮູ້ເສຍສະຫຼະເພື່ອສ່ວນລວມ
397,ນັບຖືກົດເກນເຂົ້າ-ອອກ, ຂຶ້ນ-ລົງ ໃຫ້ກາຍເປັນສະພາບປົກກະຕິ ແລະ ຕ້ອງເປັນໄປຕາມແນວທາງ
398,ບັນດາສະຫາຍ ທີ່ເຮັດວຽກຈັດຕັ້ງ ແລະ ພະນັກງານ ເວລານີ້ຍິ່ງກວ່າເວລາໃດໝົດ ຕ້ອງເພີ່ມທະວີການປະສານສົມທົບ
399,ລະຫວ່າງ ອົງການຂອງພັກ ກັບອົງການຈັດຕັ້ງລັດ, ອົງການຈັດຕັ້ງມະຫາຊົນ; ລະຫວ່າງອົງການຂອງສູນກາງ ແລະ ທ້ອງຖິ່ນ
400,ສຸມໃສ່ປະຕິບັດມະຕິຂອງກອງປະຊຸມໃຫຍ່ ໂດຍເອົາການຜັນຂະຫຍາຍບັນດາມະຕິຂອງພັກ, ກົດໝາຍ ແລະ ນິຕິກໍາຂອງລັດ
401,ກ່ຽວກັບວຽກງານປັບປຸງສັບຊ້ອນ ແລະ ຈັດວາງພະນັກງານ ໃຫ້ຮັບປະກັນປະສິດທິພາບ, ກະທັດຮັດ, ຮັດກຸມ ຕິດພັນກັບສະພາບຕົວຈິງ
402, ຕອບສະໜອງໄດ້ ຄວາມຮຽກຮ້ອງຕ້ອງການຂອງວຽກງານໃນໄລຍະໃໝ່. ສ້າງກົນໄກ ແລະ ລະບຽບການຢ່າງເຂັ້ມງວດໂປ່ງໃສ
403, ຍຸຕິທຳ ເພື່ອສະກັດກັ້ນ ແລະ ແກ້ໄຂການສໍ້ລາດບັງຫຼວງ, ປະກົດການຫຍໍ້ທໍ້ ໃນຖັນແຖວພະນັກງານ
404,ມະຕິຂອງຄະນະບໍລິຫານງານສູນກາງພັກ ກຳນົດອອກຕໍ່ວຽກງານປັບປຸງກົງຈັກການຈັດຕັ້ງ
405,ວຽກງານປັບປຸງລະບົບການປົກຄອງທ້ອງຖິ່ນຄືນໃໝ່ ແລະ ວຽກງານສັບຊ້ອນ ຈັດວາງພະນັກງານຄັ້ງນີ້
406,ແມ່ນມີຄວາມໝາຍສຳຄັນ ເປັນຄວາມຮຽກຮ້ອງຕ້ອງການທີ່ຈຳເປັນພາວະວິໄສ ເພື່ອແກ້ໄຂບັນຫາຂອງພັກ ຂອງຊາດ
407,ພາລະໜ້າທີ່ຂອງທຸກການຈັດຕັ້ງ-ພະນັກງານ, ສະມາຊິກພັກທຸກຄົນ ຕ້ອງໄດ້ມີພັນທະເຂົ້າຮ່ວມໃນການຈັດຕັ້ງປະຕິບັດ
408,ສະຖາບັນເຕັກໂນໂລຊີການສື່ສານຂໍ້ມູນຂ່າວສານກະຊວງເຕັກໂນໂລຊີ ແລະ ການສື່ສານ ສປປ ລາວ
409,ຮາວມກັບມະຫາວິທະຍາໄລການຄ້າຕ່າງປະເທດສສ ຫວຽດນາມຮ່ວມມືກັນພັດທະນາຫຼັກສູດ ແລະ ບຸກຄະລາກອນ
410,ການເປີດຫຼັກສູດຮຽນຮ່ວມກັນ ທັງຮູບແບບອອນລາຍ ແລະ ເຊິ່ງໜ້າ, ການແລກປ່ຽນນັກສຶກສາ
411, ການພັດທະນາບຸກຄະລາກອນພາຍໃຕ້ຫຼັກສູດໄລຍະສັ້ນ ແລະ ໄລຍະຍາວ, ການຮ່ວມມືກັນພັດທະນາຫຼັກສູດ
412, ການຮ່ວມກັນຄົ້ນຄວ້າວິທະຍາສາດແບບຫຼາກຫຼາຍສາດ ແລະ ຈັດງານເຜີຍແຜ່ຜົນງານວິຊາການ
413,ພິທີລົງນາມບົດບັນທຶກຄວາມເຂົ້າໃຈຮ່ວມມືຕາງໜ້າສະຖາບັນ ເຕັກໂນໂລຊີການສື່ສານຂໍ້ມູນຂ່າວສານ
414, ຫົວໜ້າສະຖາບັນເຕັກໂນໂລຊີການສື່ສານຂໍ້ມູນຂ່າວສານ ແລະ ຕາງໜ້າມະຫາວິທະຍາໄລການຄ້າຕ່າງປະເທດ
415, ຊຶ່ງໃຫ້ກຽດເຂົ້າຮ່ວມເປັນສັກຂີພິຍານຂອງທ່ານລັດຖະມົນຕີກະຊວງເຕັກໂນໂລຊີ ແລະ ການສື່ສານພ້ອມດ້ວຍພາກສ່ວນກ່ຽວຂ້ອງເຂົ້າຮ່ວມ
416,ການລົງນາມບົດບັນທຶກສະບັບນີ້ ສະແດງໃຫ້ເຫັນເຖິງ ໜຶ່ງຂີດໝາຍອັນສຳຄັນໃນການຮັດແໜ້ນສາຍພົວພັນດ້ານການສຶກສາ
417,ລະຫວ່າງ ລາວ ແລະ ຫວຽດນາມ, ບໍ່ພຽງແຕ່ຈະປັບປຸງບັນດາຫຼັກສູດການຮຽນການສອນຍັງເປັນການກຽມຄວາມພ້ອມໃຫ້ແກ່ຄົນຮຸ່ນຫຼັງ
418, ເພື່ອກ້າວໄປສູ່ຄວາມທ້າທາຍຂອງໂລກທີ່ນັບມື້ນັບມີການປ່ຽນແປງໃໝ່ທີ່ໄວດ້ວຍເຕັກໂນໂລຊີທີ່ທັນສະໄໝ
419,ເພື່ອໃຫ້ພວກເຂົາເຫຼົ່ານັ້ນມີຄວາມພ້ອມໃນການຍາດແຍ່ງໂອກາດອີກດ້ວຍພ້ອມນັ້ນ, ການລົງນາມຄັ້ງນີ້
420,ຍັງແມ່ນບາດກ້າວສຳຄັນ ເພື່ອແນໃສ່ສ້າງການເຊື່ອມໂຍງດ້ານວິຊາການໃຫ້ເຂັ້ມແຂງຊຸກຍູ້ບັນດານັກວິຊາການໃຫ້ມີຄວາມຊຳນານສູງ
421,ຮ່ວມມືກັນປະກອບສ່ວນທາງດ້ານວິຊາການໃຫ້ແກ່ວຽກງານມະຫາພາກ ແລະ ຈຸລະພາກ ຂອງຕົນ ແລະ ພາກພື້ນ
422,ພິທີວາງສີລາລຶກ ໂຄງການກໍ່ສ້າງໂຮງໄຟຟ້າພະລັງງານຄວາມຮ້ອນຖ່ານຫີນເຊກອງ ຂອງກຸ່ມບໍລິສັດ ພອນສັກ ຈຳກັດ
423,ທີ່ເມືອງກະລຶມ ແຂວງເຊກອງໃຫ້ກຽດເຂົ້າຮ່ວມຂອງທ່ານຮອງນາຍົກລັດຖະມົນຕີຜູ້ຊີ້ນໍາວຽກງານຂົງເຂດເສດຖະກິດ
424,ໂຄງການກໍ່ສ້າງໂຮງໄຟຟ້າພະລັງງານຄວາມຮ້ອນຖ່ານຫີນແຫ່ງນີ້ກະແສໄຟຟ້າທີ່ຜະລິດໄດ້ ຈະສົ່ງອອກໄປປະເທດກຳປູເຈຍ
425,ໂຄງການດັ່ງກ່າວ ມີມູນຄ່າກໍ່ສ້າງທັງໝົດປະມານສີ່ຕື້ໂດລາສະຫະລັດ ຊຶ່ງໂຮງໄຟຟ້າຫຼັງທໍາອິດ ຈະເປີດດໍາເນີນການຜະລິດກະແສໄຟຟ້າ
426,ຄງການໄຟຟ້າພະລັງງານຄວາມຮ້ອນຖ່ານຫີນແຫ່ງນີ້ ເປັນແຫ່ງທີ່ສອງ ຂອງ ສປປ ລາວເປັນໂຄງການຂະໜາດໃຫຍ່
427,ຊຶ່ງຈະເປັນປັດໄຈພື້ນຖານໃຫ້ແກ່ການພັດ ທະນາອຸດສາຫະກໍາ, ດຶງດູດການລົງທຶນປະກອບສ່ວນເຂົ້າໃນການພັດທະນາເສດຖະກິດ
428,ໃຫ້ມີການຂະຫຍາຍຕົວຢ່າງໜັກແໜ້ນ, ເຂັ້ມແຂງ ແລະ ຍົກລະດັບຊີວິດການເປັນຢູ່ຂອງປະຊາຊົນໃຫ້ດີຂຶ້ນເປັນກ້າວໆ
429,ການກໍ່ສ້າງໂຄງການນີ້ ເປັນການພັດທະນາອຸດສາຫະກໍາທີ່ສໍາຄັນ ແລະ ນອນຢູ່ໃນແຜນຍຸດທະສາດການພັດທະນາວຽກງານພະລັງງານ
430, ເປັນໂຄງການໃຫຍ່ ທີ່ມີການລົງທຶນສູງ, ນໍາໃຊ້ເຕັກນິກ-ເຕັກໂນໂລຊີ ທີ່ທັນສະໄໝ ພ້ອມທັງ ມີຄວາມເຊື່ອໝັ້ນວ່າ
431,ພາຍຫຼັງກໍ່ສ້າງໂຄງການສຳເລັດ ຈະ​​ກາຍເປັນເງື່ອນໄຂທີ່ສໍາຄັນ ໃຫ້ແກ່ການ​ພັດທະນາອຸດສາຫະກໍາພະລັງງານ
432,ປະກອບສ່ວນເຂົ້າໃນການພັດທະນາເສດຖະກິດ-ສັງຄົມຂອງ ສປປ ລາວ ໃນສະເພາະໜ້າ ແລະ ຍາວນານ
433,ສາມາດເຊື່ອມໂຍງພະລັງງານກັບປະເທດໃກ້ຄຽງໄດ້ຫຼາຍຂຶ້ນ, ທັງເປັນການປະຕິບັດທິດທາງ ແລະ ຈຸດໝາຍ
434,ຂຸດຄົ້ນທ່າແຮງບົ່ມຊ້ອນ​ ຂອງແຫຼ່ງຊັບພະຍາກອນທໍາມະຊາດ ເພື່ອຜະລິດພະລັງງານສະອາດ, ມີສະຖຽນລະພາບ ໝັ້ນຄົງ
435,ສາມາດສະໜອງ​ກະ​ແສ​ໄຟຟ້າ ໃຫ້​ພຽງພໍ​ກັບ​ຄວາມ​ຕ້ອງການຊົມ​ໃຊ້ຢູ່​ພາຍ​ໃນ ແລະ ມີການ​ສົ່ງ​ອອກໃຫ້ປະກົດຜົນເປັນຈິງ.
436,ເພື່ອສະແດງຄວາມຮູ້ບຸນຄຸນອັນເລິກເຊິ່ງ ແລະ ຄວາມອາໄລຮັກອັນສຸດຊຶ້ງເຖິງສະຫາຍ ພົນເອກ ຄໍາໄຕ ສີພັນດອນ
437,ອະດີດປະທານຄະນະບໍລິຫານງານສູນກາງພັກ, ອະດີດປະທານປະເທດ ແຫ່ງ ສປປ ລາວ
438,ຄະນະຮັບຜິດຊອບພິທີ ຊາປະນະກິດສົບລະດັບຊາດຈຶງອອກລະບຽບເພື່ອເປັນການໄວ້ທຸກໃຫ້ກັບອາດີດການນຳຂອງຊາດດັ່ງນີ້
439,ຕະຫຼອດໄລຍະເວລາໄວ້ທຸກ ໃຫ້ງົດທຸກກິດຈະກໍາ ກ່ຽວກັບການຈັດງານລ້ຽງ, ການແຂ່ງຂັນກິລາ-ສິລະປະ ແລະ ງານບັນເທິງ ທຸກປະເພດ
440,ໃຫ້ອົງການຕ່າງໆຂອງພັກ,ລັດ,ອົງການຈັດຕັ້ງມະຫາຊົນ ແລະ ອົງການປົກຄອງ ແຕ່ລະຂັ້ນ,ສໍານັກງານຜູ້ຕາງໜ້າປະຈໍາຢູ່ຕ່າງປະເທດ
441,ໃຫ້ສໍານັກງານຜູ້ຕາງໜ້າ ແຫ່ງ ສປປ ລາວ ປະຈໍາຢູ່ຕ່າງປະເທດ ກະກຽມສະຖານທີ່ຈັດຕັ້ງໄວ້ອາໄລ, ເປີດປື້ມໄວ້ອາໄລຢູ່ສໍານັກງານຂອງຕົນ
442,ບັນດາກະຊວງ, ອົງການຂັ້ນສູນກາງ,ບັນດາແຂວງ, ອົງການຈັດຕັ້ງສັງຄົມ, ຫົວໜ່ວຍຮາກຖານ ຕະຫຼອດເຖິງພີ່ນ້ອງປະຊາຊົນ
443, ລັດຖະມົນຕີກະຊວງເຕັກໂນໂລຊີ ແລະ ການສື່ສານ ໄດ້ກ່າວເປີດງານວ່າງານສັບປະດາດີຈີຕອນ 2025 ຄັ້ງນີ້
444,ຈະມີເວທີແລກປ່ຽນ ແລະ ເປີດໂອກາດໃຫ້ສັງຄົມລາວ ໂດຍສະເພາະແມ່ນຜູ້ປະກອບການ
445,ນັກຮຽນ, ນັກສຶກສາ, ນັກວິຊາການດ້ານເຕັກໂນໂລຊີ, ໂທລະຄົມ ແລະ ຄວາມປອດໄພໄຊເບີໄດ້ມາສະແດງທັດສະນະຄຳຄິດຄຳເຫັນ
446,ວາງສະແດງແລກປ່ຽນຜະລິດຕະພັນ, ພ້ອມນັ້ນ ກໍຈະໄດ້ມີໂອກາດ, ແລກປ່ຽນຄວາມຮູ້ ປະສົບການ
447,ໃນການພັດທະນາເຕັກໂນໂລຊີໃໝ່ຂອງຜູ້ເຂົ້າຮ່ວມໃນງານ ເພື່ອນຳໄປຜັນຂະຫຍາຍທຸລະກິດຂອງຕົນ
448,ມີກອງປະຊຸມສໍາມະນາ ພະນັກງານການນໍາລະດັບສູງກ່ຽວກັບການຫັນເປັນດິຈິຕອນ ຂອງສປປ ລາວ
449,ຊຶ່ງຈະໄດ້ຮັບຟັງບົດຮຽນການຫັນເປັນດິຈິຕອນ ຢູ່ ສປ ຈີນ, ສສ ຫວຽດນາມ, ຣາຊະອານາຈັກ ກໍາປູເຈຍ ແລະ ບາງປະເທດ ອາຊຽນ
450, ມີເວທີສໍາມະນາ ແລະ ການຝຶກອົບຮົມເປັນເວທີຖ່າຍທອດ ແລະ ແລກປ່ຽນຄວາມຮູ້ດ້ານດິຈິຕອນໂດຍທ່ານ ລັດຖະມົນຕີ,
451,ຮອງ ລັດຖະມົນຕີມີບັນດານັກວິທະຍາກອນທີ່ມີຄວາມຊຳນານປະສົບການສູງທັງພາຍໃນ ແລະ ຕ່າງປະເທດເປັນຜູ້ບັນລະຍາຍ
452,ນຫົວຂໍ້ຕ່າງໆ ໂດຍສະເພາະ ເຕັກໂນໂລຊີ ປັນຍາປະດິດ ແລະ ຫຸ່ນຍົນ ທັງມີການຝຶກອົບຮົມສຳມະນາ
453,ເພື່ອເປີດໂອກາດໃຫ້ທຸກພາກສ່ວນໄດ້ເຂົ້າຮ່ວມຮຽນຮູ້ໃນດ້ານເຕັກໂນໂລຊີໂດຍບໍ່ເສຍຄ່າໃຊ້ຈ່າຍໃດໆ
454,ພ້ອມນັ້ນ ມີການວາງສະແດງສິນຄ້າ ແລະ ນະວັດຕະກໍາ ທາງດ້ານດິຈິຕອນມີບັນດາໜ່ວຍງານຈາກພາກລັດ
455,ເອກະຊົນ, ກຸ່ມນັກທຸລະກິດ ຂະໜາດນ້ອຍ, ຂະໜາດກາງ ແລະ ບໍລິສັດຫ້າງຮ້ານຕ່າງໆ ທັງພາຍໃນ ແລະ ຕ່າງປະເທດ
456,ເພື່ອວາງສະແດງຜະລິດຕະພັນ ແລະ ສິນຄ້າຂອງຕົນ ເຊັ່ນ: ເຕັກໂນໂລຊີ ປັນຍາປະດິດ,ກຸ່ມຂໍ້ມູນຜູກພັນ, ອິນເຕີເນັດແຫ່ງຊາດ
457,ຄວາມປອດໄພທາງໄຊເບີ, ຜະລິດຕະພັນຄອມພິວເຕີຕ່າງໆ, ຊອຟແວນອກຈາກນີ້, ກໍຍັງຈະໄດ້ນໍາສະເໜີການເປີດຕົວ
458,ຫຼຸດລາຄາສິນຄ້າຢ່າງຫຼວງຫຼາຍ ແລະ ຈັບສະຫຼາກລຸ້ນຮັບລາງວັນ ຈາກບັນດາບໍລິສັດຕ່າງໆຢ່າງຫຼວງຫຼາຍ
459,ມີການແຂ່ງຂັນ ຂຽນໂປຣແກຣມ ຫຼື ຄວາມສາມາດຂອງນັກປະດິດຄົນລາວເພື່ອເປັນການຍຸກຊູ້ແລະພັດທະນາບຸກຄະລາກອນ
460, ງານສັບປະດາດິຈິຕອນຄັ້ງນີ້ ກະຊວງເຕັກໂນໂລຊີ ແລະ ການສື່ສານ ຈະໄດ້ຈັດກອງປະຊຸມພົບປະສອງຝ່າຍ
461,ກັບບັນດາປະເທດຄູ່ຮ່ວມພັດທະນາຈາກ ສປ ຈີນ, ສສ ຫວຽດນາມ, ຣາຊະອານາຈັກ ກໍາປູເຈຍ, ຣາຊະອານາຈັກໄທ
462,ເພື່ອປຶກສາຫາລືກ່ຽວກັບການຮ່ວມມືພັດທະນາເຕັກໂນໂລຊີດິຈິຕອນ ສໍາລັບປະເທດລາວໃຫ້ທັນສະໄໝກ້າວໜ້າຂຶ້ນອີກບາດກ້າວ
463,ມາຮອດປະຈຸບັນ, ສປປ ລາວ ໄດ້ລົງນາມສັນຍາຮ່ວມມືດ້ານການຈັດສົ່ງແຮງງານໄປເຮັດວຽກຕາມລະດູການ
464,ສາມາດຈັດສົ່ງແຮງງານລາວໄປເຮັດວຽກຕາມລະດູການໃນປະເທດ ສ.ເກົາຫຼີ ໄດ້ຫຼາຍພັນຄົນທັງຍັງສືບຕໍ່ຮ່ວມມືສົ່ງແຮງງານລາວ
465, ກົມການຈັດຫາງານ ກະຊວງແຮງງານ ສປປ ລາວ ແລະ ສະຫວັດດີການສັງຄົມ ກັບເມືອງໂບອຶນ ແຂວງ ຊຸງຊອງບຸກ ສ ເກົາຫຼີ
466,ໄດ້ມີພິທີເຊັນບົດບັນທຶກຄວາມເຂົ້າໃຈວ່າດ້ວຍການຈັດສົ່ງຜູ້ອອກແຮງງານລາວໄປເຮັດວຽກຕາມລະດູການ ຢູ່ ສ ເກົາຫຼີ
467,ລະຫວ່າງ ທ່ານ ນາງ ອານຸສອນ ຄຳສິງສະຫວັດ ຫົວໜ້າກົມການຈັດຫາງານ ກະຊວງ ຮສສ ແລະ ເຈົ້າເມືອງ ເມືອງ ໂບອຶນ ແຂວງ ຊຸງຊອງບຸກ
468,ການຮ່ວມມືກັນ ລະຫວ່າງ ກົມການຈັດຫາງານ ແລະ ເມືອງ ໂບອຶນ ໃນການຈັດສົ່ງແຮງງານລາວໄປເຮັດວຽກຕາມລະດູການ
469,ເປັນບາດກ້າວສໍາຄັນ ແລະ ສ້າງຜົນປະໂຫຍດໃຫ້ແກ່ສອງຝ່າຍ, ໂດຍສະເພາະ ແຮງງານຂອງ ສປປ ລາວ
470,ກໍ່ຈະໄດ້ຮັບໂອກາດໃນການພັດທະນາສີມືແຮງງານ, ສ້າງລາຍຮັບ ແລະ ຮຽນຮູ້ທາງດ້ານພາສາ ແລະ ວັດທະນະທຳ
471,ເພື່ອໝູນໃຊ້ເຂົ້າໃນການດໍາລົງຊີວິດໃນເວລາກັບຄືນປະເທດ ຊຶ່ງຈະຊ່ວຍໃຫ້ການພັດທະນາເສດຖະກິດ-ສັງຄົມມີຄວາມເຂັ້ມແຂງຂຶ້ນ.
472,ລັດຖະບານ ສປປ ລາວ ມີນະໂຍບາຍ ແລະ ໃຫ້ຄວາມສໍາຄັນໃນການສົ່ງເສີມປະຊາຊົນຜູ້ທີ່ປະກອບອາຊີບກະສິກໍາ
473,ໂດຍສະເພາະຜູ້ທີ່ອາໄສໃນຂົງເຂດຊົນນະບົດ ໃຫ້ມີໂອກາດໃນການເຂົ້າເຖິງການພັດທະນາສີມືແຮງງານ
474,ນໍາໃຊ້ເຕັກໂນໂລຊີ ທີ່ທັນສະໄໝເຂົ້າໃນການຜະລິດກະສິກໍາ ຊຶ່ງແນ່ນອນວ່າ ສ ເກົາຫຼີ ກໍ່ແມ່ນເປົ້າໝາຍໜຶ່ງທີ່ສໍາຄັນທີ່ລັດຖະບານ
475,ມີເຈດຈໍານົງໃນການຮ່ວມມືໃນຫຼາຍໆດ້ານ ລວມທັງການຈັດສົ່ງແຮງງານລາວໄປເຮັດວຽກໃນຂົງເຂດກະສິກໍາ
476,ເພື່ອຖ່າຍທອດເອົາຄວາມຮູ້ປະສົບການ ຂອງຊາວກະສິກອນ ສ ເກົາຫຼີ ເພື່ອມາພັດທະນາບ້ານເກີດເມືອງນອນຂອງເຂົາເຈົ້າ
477,ເພື່ອຂົນສົ່ງໜ່ວຍກູ້ໄພຫວຽດນາມ ໄປຍັງມຽນມາ ຫຼັງຈາກເກີດແຜ່ນດິນໄຫວຮ້າຍແຮງ ເພື່ອຊ່ວຍໃນການຕອບສະໜອງພາວະສຸກເສີນ
478,ສາຍການບິນຫວຽດເຈັດໄດ້ອຳນວຍຄວາມສະດວກໃຫ້ແກ່ການຜັນຂະຫຍາຍພະນັກງານກູ້ໄພຂອງກະຊວງປ້ອງກັນຄວາມສະຫງົບ
479,ແລະ ກະຊວງປ້ອງກັນປະເທດຫວຽດນາມ ຢ່າງວ່ອງໄວ ສອງຖ້ຽວບິນໄດ້ອອກຈາກສະໜາມບິນນານາຊາດ
480,ຮັບປະກັນການນຳໃຊ້ຖ້ຽວບິນເຫຼົ່ານີ້ຢ່າງວ່ອງໄວໂດຍການເລັ່ງລັດການອະນຸຍາດການບິນ ແລະ ການກະກຽມດ້ານເຕັກນິກ
481,ລູກເຮືອ ແລະ ພະນັກງານທີ່ມີປະສົບການຂອງຕົນໄດ້ຖືກມອບໝາຍໃຫ້ຊ່ວຍພາລະກິດການບັນເທົາທຸກ
482,ເສີມສ້າງຄວາມມຸ່ງໝັ້ນຂອງສາຍການບິນໃນການຊ່ວຍເຫຼືອດ້ານມະນຸດສະທໍາ ຖ້ຽວບິນດັ່ງກ່າວໄດ້ຂົນສົ່ງເຈົ້າໜ້າທີ່ກູ້ໄພ
483,ຈາກກອງກໍາລັງປະກອບອາວຸດຫວຽດນາມ ພ້ອມດ້ວຍໝາຄົ້ນຫາ ແລະ ໜ່ວຍກູ້ໄພທີ່ໄດ້ຮັບການຝຶກອົບຮົມ ແລະ ເຄື່ອງຊ່ວຍເຫຼືອທີ່ຈຳເປັນ
484, ໃນນັ້ນມີອຸປະກອນການແພດ ແລະ ສະບຽງອາຫານ ເພື່ອໜູນຊ່ວຍວຽກງານກູ້ໄພແຜ່ນດິນໄຫວຢູ່ມຽນມາ
485, ຜູ້ອຳນວຍການໃຫຍ່ສາຍການບິນໄດ້ກ່າວວ່າຫວຽດເຈັດກຽມພ້ອມສະເໝີສໍາລັບພາລະກິດພິເສດ
486,ພວກເຮົາໄດ້ກະກຽມສິ່ງທີ່ຈຳເປັນຢ່າງວ່ອງໄວ ແລະ ເພື່ອປະຕິບັດຂົນສົ່ງໜ່ວຍກູ້ໄພສຸກເສີນຈາກກະຊວງປ້ອງກັນຄວາມສະຫງົບ
487, ໄປຍັງ ປະເທດມຽນມາ, ເພື່ອຊ່ວຍວຽກງານບັນເທົາທຸກໄພແຜ່ນດິນໄຫວຢ່າງທັນເວລາໃນປະເທດມຽນມາ
488,ເມື່ອລົງຈອດຢູ່ສະໜາມບິນຢາງກຸ້ງ, ປະເທດມຽນມາ, ເຈົ້າໜ້າທີ່ກູ້ໄພຂອງກອງກຳລັງປະກອບອາວຸດຫວຽດນາມ
489,ເລີ່ມຂົນສົ່ງ ແລະ ຂົນສົ່ງອຸປະກອນທີ່ຈຳເປັນໄປຍັງສະຖານທີ່ກູ້ໄພທີ່ໄດ້ກຳນົດໄວ້ໃນທັນທີ.
490,ເຈົ້າໜ້າທີ່ຕຳຫຼວດ ແລະ ທະຫານຍັງເຂົ້າຮ່ວມໃນການເຄື່ອນໄຫວຊອກຫາແລະ ກູ້ໄພ ໃຫ້ຄວາມຊ່ວຍເຫຼືອດ້ານການແພດ
491, ແລະ ສະໜັບສະໜູນຄວາມພະຍາຍາມໃນການຟື້ນຟູພາຍຫຼັງແຜ່ນດິນໄຫວທີ່ໄດ້ເກີດຂຶ້ນຢູ່ປະເທດມຽນມາ
492,ໄພພິບັດດັ່ງກາວເຮັດໃຫ້ມີຄົນເສຍຊີວິດຫຼາຍພັນຄົນ ແລະ ບາດເຈັບຢ່າງຫຼວງຫຼາຍທັງຍັງມີຜູ້ສູນຫາຍອີກຫຼາຍຄົນ
493,ແຮງສັ່ນສະເທືອນຢ່າງແຮງໄດ້ສ້າງຄວາມເສຍຫາຍໃຫ້ແກ່ບ້ານເຮືອນ, ຂົວເປ່ເພ, ແລະ ຖະໜົນຫົນທາງໃນທົ່ວປະເທດໄດ້ຮັບຜົນກະທົບ
494,ເຊິ່ງໃນໄທ ແລະ ຫວຽດນາມ ໄດ້ມີການສັ່ນສະເທືອນເຊັ່ນດຽວກັນເຮັດໃຫ້ສ້າງຄວາມເສຍຫາຍໃຫ້ບາງບ່ອນ
495,ສາຍການບິນຫວຽດເຈັດມີບັນດາການເຄື່ອນໄຫວດ້ານມະນຸດສະທຳຢ່າງແຂງແຮງສະແດງໃຫ້ເຫັນນ້ຳໃຈຄວາມເມດຕາຄວາມສາມັກຄີ
496, ສາຍການບິນໄດ້ດຳເນີນຖ້ຽວບິນບັນເທົາທຸກຫຼາຍຖ້ຽວ, ລວມທັງການຂົນສົ່ງຊ່ວຍເຫຼືອໜ່ວຍກູ້ໄພສຳລັບເຫດແຜ່ນດິນໄຫວ
497,ບັນດາຖ້ຽວບິນທີ່ບັນທຸກພະນັກງານແພດ, ຕຳຫຼວດ, ທະຫານ ມຸ່ງໝັ້ນໃນການໜູນຊ່ວຍຂອງຊຸມຊົນ
498,ກິດຈະກຳການກຸສົນແມ່ນຫົວໃຈຫຼັກຂອງພາລະກິດຂອງສາຍການບິນຫວຽດເຈັດປະຈຸບັນ
499,ສາຍການບິນສະໜອງຖ້ຽວບິນປະຈໍາວັນຈາກນະຄອນຫຼວງວຽງຈັນໄປນະຄອນໂຮ່ຈີມິນທີ່ເປັນນະຄອນໃຫຍ່
500, ເປັນສູນກາງເສດຖະກິດທີ່ໃຫຍ່ທີ່ສຸດຂອງຫວຽດນາມ ແລະ ນະຄອນຫຼວງຮ່າໂນ້ຍ ທີ່ເປັນເມືອງຫຼວງຂອງປະເທດຫວຽດນາມ
501,ຈາກສອງນະຄອນດັ່ງກ່າວ, ບັນດານັກທ່ອງທ່ຽວສາມາດເດີນທາງເຊື່ອມຕໍ່ໄດ້ຢ່າງງ່າຍດາຍກັບເຄືອຂ່າຍການບິນທີ່ກວ້າງຂວາງ
502,ການສູດທອດ ສູດຖອນ ສະຖານທີ່ກໍ່ສ້າງພຣະພຸດທະຮູບໃຫຍ່ ເມືອງເກົ່າສຸວັນນະໂຄມຄຳ ພູກິ່ວລົມໄດ້ຈັດຂຶ້ນເມື່ອມໍ່ໆມານີ້
503,ທີ່ເຂດເສດຖະກິດພິເສດ ສາມຫຼ່ຽມຄຳ ເມືອງຕົ້ນເຜິ້ງ ແຂວງບໍ່ແກ້ວ ໂດຍມີພຣະອາຈານໃຫຍ່ ອາດຍາທຳ ຄຳເງິນ ຄຳວົງ
504,ກຳມະການສູນກາງແນວລາວສ້າງຊາດ, ເຈົ້າຄະນະແຂວງ, ປະທານ ອພສ ແຂວງບໍ່ແກ້ວ ພ້ອມດ້ວຍຄະນະສົງ
505,ທ່ານ ບຸນທອງ ແສງສີກອງ ກຳມະການພັກແຂວງ ຫົວໜ້າອົງການຄຸ້ມຄອງບໍລິຫານເຂດເສດຖະ ກິດພິເສດ ສາມຫຼ່ຽມຄຳ
506,ທ່ານ ຈ້າວ ຈືຊິນ ຕາງໜ້າສະພາບໍລິຫານເຂດເສດຖະກິດພິເສດ ສາມຫຼ່ຽມຄຳ, ແລະ ຄະນະຄຸ້ມຄອງເຂດ
507,ສະພາບໍລິຫານເຂດ, ອອກຕົນຍາດໂຍມ ແລະ ພາກສ່ວນກ່ຽວຂ້ອງເຂົ້າຮ່ວມການກໍ່ສ້າງພຣະພຸດທະຮູບໃຫຍ່ ເມືອງເກົ່າສຸວັນນະໂຄມຄຳ
508,ເພື່ອແນໃສ່ເປັນການປົກປັກຮັກສາເສີມຂະຫຍາຍ ແລະ ຟື້ນຟູຄຸນຄ່າທາງພຸດທະສາດສະໜາ, ວັດທະນະທຳໃຫ້ຈະເລີນຮຸ່ງເຮືອງ
509,ຄຽງຄູ່ກັບຄົນລາວຊາວພຸດຕະຫຼອດໄປ ແລະ ມີປະຫວັດອັນຮຸ່ງເຮືອງມາແຕ່ດົນນານໃນສະໄໜເມືອງເກົ່າສຸວັນນະໂຄມຄຳ
510,ຕິດພັນກັບການພັດທະນາເຂດເສດຖະກິດພິເສດ ສາມຫຼ່ຽມຄຳ ກໍ່ຄືການພັດທະນາດ້ານເສດຖະກິດສັງຄົມ
511,ໃນການຊຸກຍູ້ສົ່ງເສີມໃຫ້ເປັນສະຖານທີ່ການທ່ອງທ່ຽວດ້ານວັດທະນະທໍາເພື່ອສືບທອດໃຫ້ຄົງຢູ່ໄປເຖິງຄົນຮຸ່ນຕໍ່ໄປ.
512,ໂຄງການກໍ່ສ້າງພຣະພຸດທະຮູບໃຫຍ່ເມືອງເກົ່າສຸວັນນະໂຄມຄຳແມ່ນໜຶ່ງໃນກິດຈະການພັດທະນາວຽກງານພຸດທະສາສະໜາ
513,ກໍ່ຄືການພັດທະນາດ້ານການທ່ອງທ່ຽວວັດທະນະທຳ, ເປັນການປົກປັກຮັກສາວັດທະນະທຳສີລະປະຮີດຄອງປະເພນີອັນດີງາມ
514,ໂດຍສະເພາະແມ່ນສະໄໝທີ່ມີຄວາມຈະເລີນຮຸ່ງເຮືອງຂອງເມືອງເກົ່າສຸວັນນະໂຄມຄຳທີ່ສືບທອດກັນມາຮອດຫຼາຍເຊັ່ນຄົນ
515,ການກໍ່ສ້າງພຣະພຸດທະຮູບໃຫຍ່ເມືອງເກົ່າສຸວັນນະໂຄມຄຳ ຊົງນັ່ງປິ່ນໜ້າຫາເທດສະບານເມືອງຕົ້ນເຜິ້ງ
516,ອກແບບກໍ່ສ້າງຊົງເດີມພຣະເຈົ້າໃຫຍ່ເມືອງເກົ່າສຸວັນນະໂຄມຄຳທີ່ມີຊື່ສຽງ, ປະຊາຊົນໃນທ້ອງຖິ່ນ, ທົ່ວປະເທດ
517,ກາຍເປັນ ສະຖານທີ່ ທ່ອງທ່ຽວຄົບວົງຈອນ ທາງວັດທະນະທຳ-ສັງຄົມອັນໂດດເດັ່ນ, ເຮັດໃຫ້ກາຍເປັນສູນກາງທາງດ້ານວັດທະນະທຳ
518, ຮີດຄອງປະເພນີຂອງຊາດ ແລະ ສາກົນ. ນອກນີ້, ຍັງໄດ້ຈັດເປັນໂຊນກໍ່ສ້າງພະເຈົ້າໃຫຍ່ ແລະ ໂຊນສະຖານທີ່ຊົມວິວ
519,ສະຖານທີ່ສະກາລະບູຊາ, ທີ່ພັກຂອງພະສົງ ແລະ ອອກຕົນຍາດໂຍມໄປປະຕິບັດທຳ ເປັນທີ່ພຶງພາທາງດ້ານຈິດໃຈໃຫ້ແກ່ຜູ້ຄົນ
520,ເມື່ອວານນີ້ຂ້ອຍໄດ້ໄປເບິ່ງງານສະແດງສິລະປະທີ່ສູນການຄ້າ ແລະມັນປະທັບໃຈຫຼາຍເລີຍ
521,ຕອນຂັບລົດຜ່ານສະພານໃຫຍ່ ຂ້ອຍໄດ້ເຫັນທິວທັດຂອງແມ່ນ້ຳທີ່ສວຍຫຼາຍ.
522,ຂ້ອຍມັກອ່ານປື້ມກ່ອນນອນທຸກຄືນ ເພາະມັນຊ່ວຍໃຫ້ໃຈເຢັນແລະນອນຫຼັບງ່າຍຂຶ້ນ.
523,ເມື່ອຄືນນີ້ຝົນຕົກໜັກຫຼາຍ ແລະລົດຕິດຢູ່ແຖວສະພານດົງໂດນແທບຈະຂັບບໍ່ໄດ້.
524,ຂ້ອຍກຳລັງພະຍາຍາມຝຶກເວົ້າພາສາອັງກິດທຸກມື້ ເພື່ອໃຫ້ເວົ້າໄດ້ຄ່ອຍໆແມ່ນຫຼາຍຂຶ້ນ
525,ຂ້ອຍຮູ້ສຶກດີໃຈຫຼາຍທີ່ໄດ້ຮັບໂອກາດໄປຮ່ວມກອງປຶກສາວຽກງານທີ່ນະຄອນຫຼວງ
526,ຕອນນີ້ຂ້ອຍຢາກຮຽນຮູ້ເພີ່ມເກື່ອງພາສາລາວ ເພາະມັນເປັນຮາກຖານຂອງວັດທະນະທຳ
527,ຂ້ອຍໄດ້ຮັບຂ່າວດີຈາກເພື່ອນວ່າລາວສອບຜ່ານແລ້ວ ແມ່ນໜ້າຍິນດີຫຼາຍໆ
528,ມື້ໃດກໍ່ຕາມທີ່ຂ້ອຍມີເວລາວ່າງ ຂ້ອຍມັກອ່ານປື້ມຢູ່ຫ້ອງສົມຸດຂອງມະຫາວິທະຍາໄລ
529,ຂ້ອຍຮູ້ສຶກວ່າການເຮັດວຽກເປັນທີມແມ່ນຊ່ວຍໃຫ້ສຳເລັດໄວ ແລະໄດ້ຜົນດີກວ່າເຮັດຄົນດຽວ
530, ກ່ອນຈະເລີ່ມວຽກໃໝ່ ຂ້ອຍມັກວາງແຜນລວງໜ້າເພື່ອໃຫ້ບໍ່ມີຂໍ້ຜິດພາດ
531, ເວລາໄປທ່ຽວຕ່າງແຂວງ ຂ້ອຍມັກສະແຫວງອາຫານທ້ອງຖິ່ນມາຊິມ ເພາະມັນແປກໃໝ່ແລະອົບອຸ່ນ
532,ພາຍໃນສອງອາທິດນີ້ ຂ້ອຍມີແຜນຈະຮຽນຮູ້ເພີ່ມເກື່ອງການຂຽນໂປແກຣມພາສາ Python ຈາກ YouTube.
533,ໃນອະນາຄົດ ຂ້ອຍຢາກສ້າງແອັບທີ່ຊ່ວຍໃຫ້ຄົນລາວເຂົ້າເຖິງຂໍ້ມູນຄວາມຮູ້ຢ່າງສະດວກສະບາຍ
534,ຂ້ອຍມັກດື່ມກາເຟຮ້ອນໆຕອນເຊົ້າ ແລະຟັງເພງຊ່ວຍໃຫ້ເລີ່ມມື້ໄດ້ຢ່າງສົມບູນ
535, ເມື່ອຂ້ອຍໄດ້ຮັບກຳລັງໃຈຈາກເພື່ອນໝູ່ ຂ້ອຍຮູ້ສຶກມີແຮງກະຕຸ້ນໃນການຮຽນຕໍ່
536,ຂ້ອຍມັກເລີກກິນຂອງຫວານໃນຕອນຄ່ຳ ເພື່ອດູແລສຸຂະພາບຂອງຕົນເອງ
537,ຂ້ອຍຄິດວ່າການເຮັດວຽກໃຫ້ສໍາເລັດເປັນເລື່ອງຂອງຄວາມພາຍາຍາມຢ່າງຕໍ່ເນື່ອງ
538,ເວລາຈະຮຽນຫຍັງ ຂ້ອຍມັກວາງແຜນກ່ອນເພື່ອໃຫ້ມີຄວາມຊັດເຈນ
539,ໃນວັນເສົາທີ່ຜ່ານມາ ຂ້ອຍໄດ້ຊ່ວຍເຮັດວຽກທີ່ເຮືອນຕະຫຼອດວັນ
540,ພໍໄດ້ຮັບຂ່າວດີ ຂ້ອຍກະດີໃຈແລະແບ່ງປັນໃຫ້ຄອບຄົວຟັງກ່ອນ.
541,ຂ້ອຍເລືອກຮຽນສາຂານີ້ເພາະມັນສອດຄ່ອງກັບຄວາມສົນໃຈຂອງຂ້ອຍ
542,ຂ້ອຍຄິດວ່າການເຮັດວຽກໃຫ້ສໍາເລັດເປັນເລື່ອງຂອງຄວາມພາຍາຍາມຢ່າງຕໍ່ເນື່ອງ
543,ຂ້ອຍເລີ່ມຮູ້ສຶກວ່າການວາງແຜນຊີວິດແມ່ນສິ່ງສໍາຄັນ ເມື່ອຂ້ອຍເຂົ້າຮຽນມະຫາວິທະຍາໄລ
544,ທຸກເຊົ້າຂ້ອຍຈະຕື່ນຕົວໄວ ເພື່ອມີເວລາໃຫ້ກັບຄວາມຄິດ ແລະການຕຽມຕົນກ່ອນເຂົ້າຫ້ອງຮຽນ.
545, ຄວາມຝັນຂອງຂ້ອຍຄືການເປັນນັກຂຽນ ແລະສາມາດແບ່ງປັນແນວຄິດຜ່ານຄໍາຂຽນໃຫ້ຄົນອື່ນໆໄດ້ອ່ານ
546,ໃນທຸກໆມື້ຂ້ອຍພະຍາຍາມເຮັດວຽກໃຫ້ດີທີ່ສຸດ ເພາະຂ້ອຍເຊື່ອວ່າຄວາມພາຍາຍາມຈະນໍາພາຄວາມສໍາເລັດມາໃຫ້.
547,ຂ້ອຍເຄີຍເສຍໃຈທີ່ບໍ່ກ້າເຮັດບາງຢ່າງໃນອະດີດ ແຕ່ຕອນນີ້ຂ້ອຍພະຍາຍາມບໍ່ໃຫ້ພາດອີກ.
548,ຂ້ອຍມັກໄປສວນຢູ່ໃກ້ບ້ານເພື່ອເດີນຫາຍໃຈ ແລະຄິດຖຶງແຜນໃນອະນາຄົດຂອງຂ້ອຍ
549,ຂ້ອຍຮຽນຮູ້ວ່າການຢຸດພັກສົດໃຈບໍ່ແມ່ນຄວາມຂີ້ຄ້ານ ແຕ່ແມ່ນການໃຫ້ເວລາແກ່ຕົນເອງ
550,ຄືນນີ້ຂ້ອຍມີຫນ້າທີ່ຕ້ອງເຮັດຫຼາຍຢ່າງ ແຕ່ຂ້ອຍກໍຈະພະຍາຍາມໃຫ້ສໍາເລັດທັງຫມົດ
551,ມື້ນີ້ຂ້ອຍໄດ້ຮຽນຮູ້ຫຼາຍຢ່າງຈາກການຮ່ວມກິດຈະກໍາກັບຄູ ແລະເພື່ອນໃນຫ້ອງ.
552,ຂ້ອຍສົນໃຈໃນວິຊາສະເຫຼີມປະສົງ ເພາະມັນຊ່ວຍໃຫ້ຂ້ອຍຄິດຢ່າງມີຫຼັກການ
553,ຕອນທີ່ຂ້ອຍໄດ້ໄປຮ່ວມກິດຈະກໍານອກຫ້ອງຮຽນ ຂ້ອຍໄດ້ພົບປະປະສົນຄົນໃໝ່ໆທີ່ໜ້າສົນໃຈ
554,ຂ້ອຍມັກການໄປຫ້ອງສະມຸດເພື່ອຊອກຫາຫນັງສືທີ່ຊ່ວຍໃຫ້ຂ້ອຍໄດ່ເພີ່ມທັກສະຄວາມຮູ້
555, ເວລາທີ່ຂ້ອຍພົບກັບສິ່ງທ້າທາຍ ຂ້ອຍຈະບອກຕົນເອງວ່າມັນຄືບົດຮຽນປະສົບການທີ່ຫາໃສບໍ່ໄດ້
556,ຂ້ອຍເຊື່ອວ່າການເປັນຄົນດີ ແມ່ນການກະທໍາດີໆໃນທຸກມື້ ແມ່ນຫຍັງທີ່ສຳຄັນກວ່າຄໍາພູດ
557, ການຮຽນຮູ້ບໍ່ໄດ້ຈົດຈຳຢູ່ແຕ່ໃນຫ້ອງຮຽນ ແຕ່ເກີດຂື້ນໃນຊີວິດປະຈໍາວັນຂອງຂ້ອຍ.
558,ຄືນກ່ອນຂ້ອຍໄດ້ນັ່ງຄິດຫຼາຍຢ່າງກ່ຽວກັບອະນາຄົດ ແລະຄວາມຝັນຂອງຂ້ອຍ
559,ການຝຶກຝົນແມ່ນກະບວນການທີ່ໃຊ້ເວລາ ແຕ່ຜົນທີ່ໄດ້ຈະຢູ່ນານ ແລະມີຄຸນຄ່າ
560,ຕັ້ງແຕ່ຂ້ອຍເລີ່ມວາງແຜນຊີວິດໃໝ່ ຂ້ອຍຮູ້ສຶກມີແຮງຈູງໃຈໃນການເຮັດສິ່ງຕ່າງໆ
561,ທຸກໆເຊົ້າຂ້ອຍມັກຕື່ນເຊົ້າແຕ່ມືດ ເພື່ອສວຍໃສ່ຄວາມຄິດ ແລະຄວາມຝັນຂອງຂ້ອຍ
562, ເມື່ອໄດ້ໄປເຫັນທະເລ ແລະຟ້າກວ້າງຂວາງ ຂ້ອຍຮູ້ສຶກຜ່ອນຄາຍແບບບໍ່ເຄີຍຮູ້ສຶກຫຼາຍກ່ອນ.
563, ຄວາມຝັນຈະບໍ່ມີວັນເປັນຈິງໄດ້ ຖ້າຂ້ອຍບໍ່ລົງມືເຮັດໃນມື້ນີ້
564,ຂ້ອຍຮູ້ສຶກດີທຸກຄັ້ງທີ່ໄດ້ເຫັນພໍ່ແມ່ຢິ້ມຢ່າງມີຄວາມສຸກໃນມື້ທີ່ຂ້ອຍສໍາເລັດວຽກ
565,ຖ້າຂ້ອຍລົ້ມເຫຼວ ຂ້ອຍຈະລຸກຂື້ນແລະພະຍາຍາມໃໝ່ອີກຄັ້ງໂດຍບໍ່ຍອມແພ້
566,ຂ້ອຍມັກຟັງເພງໃນຍາມຄໍາ ເພື່ອຜ່ອນຄາຍຈາກວັນທີ່ເຕັມໄປດ້ວຍວຽກງານ.
567,ການອ່ານຫນັງສືແມ່ນສິ່ງທີ່ຊ່ວຍເປີດໃຈ ແລະເປີດມຸມມອງໃໝ່ໃຫ້ຂ້ອຍເສີມທັກສະໃນການຄິດ
568,ຂ້ອຍມັກຈື່ຄໍາສອນຂອງຄູ ເພາະມັນເປັນແນວທາງໃຫ້ຂ້ອຍພັດທະນາຕົນເອງ
569, ສິ່ງທີ່ຍາກບໍ່ແມ່ນການຮຽນ ແຕ່ແມ່ນການມີວິໄນໃນການຮຽນໃນທຸກມື້
570,ຂ້ອຍເຄີຍລອງທຳສິ່ງໃໝ່ໆ ແລະມັນເປັນປະສົບການທີ່ຂ້ອຍຈະຈື່ໄປຕະຫຼອດ
571,ຄວາມຫວັງຂອງຂ້ອຍບໍ່ໄດ້ຢູ່ທີ່ຄວາມສົມບູນ ແຕ່ຢູ່ທີ່ຄວາມພຽງພໍແລະສະບາຍໃຈ
572,ຂ້ອຍໄດ້ຮຽນຮູ້ວ່າ ການຟັງຄົນອື່ນແມ່ນຄວາມສໍາຄັນບໍ່ແພ້ກັບການເວົ້າ
573,ບາງຄັ້ງການເງີນຄ່າຫນັງສືຫຼາຍໆກໍ່ທຳໃຫ້ຂ້ອຍຕ້ອງຈັດສັນເວລາໃນການອ່ານໃຫ້ດີຂຶ້ນ
574,ຄວາມຄິດເຫັນທີ່ແຕກຕ່າງກັນແມ່ນສິ່ງທີ່ຊ່ວຍໃຫ້ສັງຄົມເຕີບໂຕ
575, ຂ້ອຍເຄີຍພາດຫຼາຍຄັ້ງ ແຕ່ຂ້ອຍບໍ່ເຄີຍຢຸດຝັນຂອງຕົນເອງ
576, ຄວາມຈິງໃຈແມ່ນສິ່ງທີ່ຫາຍາກ ແຕ່ເປັນສິ່ງທີ່ມີຄ່າທີ່ສຸດໃນຄວາມສຳພັນ
577, ການໄດ້ເຂົ້າຮຽນໃນວິຊາທີ່ຕົນເອງຮັກ ຊ່ວຍໃຫ້ຂ້ອຍຮຽນໄດ້ໄວ ແລະສົນກັບມັນ
578, ຂ້ອຍຢາກເຫັນສັງຄົມທີ່ຄົນໃຫ້ເກຍດຄວາມແຕກຕ່າງ ແລະເຂົ້າໃຈກັນຫຼາຍຂຶ້ນ
579,ເມື່ອຂ້ອຍມີເວລາວ່າງຈາກວຽກຮຽນ ຂ້ອຍຈະອ່ານຫນັງສື ເພື່ອເພີ່ມຄວາມຮູ້ໃຫ້ຕົນເອງ
580,ໃນຕອນເຊົ້າ ຂ້ອຍມັກເປີດເພງຟັງ ໃນຂະນະທີ່ກໍາລັງເຮັດຄວາມສະອາດຫ້ອງ
581,ຂ້ອຍກໍາລັງຮຽນການຂຽນໂປຣແກຣມໃໝ່ໜຶ່ງ ເພື່ອນໍາໄປໃຊ້ໃນຄວາມຝັນຂອງຂ້ອຍ
582,ເມື່ອມີປັນຫາ ຂ້ອຍມັກຈະປຶກສາຄອບຄົວໝູ່ເພື່ອນເບິ່ງກ່ອນຈະຕັດສິນໃຈທີ່ຈະລົງມືເຮັດ
583,ໃນເວລາວ່າງ ຂ້ອຍມັກໄປຖ່າຍຮູບທິວທັດ ເພື່ອເກັບໄວ້ເປັນຄວາມທ່ຽວຈຳ
584, ຕອນເດັກໆຂ້ອຍມັກໄປຫາປູແລະຍ່າທີ່ບ້ານນາ ເພາະມີທັງສວນ ແລະສັດຫຼາຍຊະນິດ.
585,ຂ້ອຍຈະພາຄອບຄົວໄປທ່ຽວບ້ານເກີດຢູ່ຕ່າງແຂວງໃນອາທິດນີ້ເພື່ອໄດ້ພົບຍາດຕິພີ່ນ້ອງ
586,ຂ້ອຍມັກຈົ່ງເວລາໃນການຈົບເວັບໄຊ ເພື່ອສຶກສາຄວາມຮູ້ໃໝ່ໆຢູ່ຕະຫຼອດເວລາ.
587,ໃນການທໍາວຽກກັບຄົນອື່ນ ຂ້ອຍຮຽນຮູ້ວ່າການຟັງແມ່ນສິ່ງສໍາຄັນກວ່າການເວົ້າ.
588,ຂ້ອຍກໍາລັງຝຶກສົນທະນາພາສາອັງກິດກັບໝູ່ໆຜ່ານແອັບເພື່ອພັດທະນາທັກສະການເວົ້າ
589,ຂ້ອຍຊອບການຮຽນຜ່ານວິດີໂອໃນ YouTube ເພາະມັນເຮັດໃຫ້ເຂົ້າໃຈໄດ້ງ່າຍ
590, ເວລາຫຼັງຮຽນ ຂ້ອຍມັກໄປອອກກໍາລັງກາຍ ເພື່ອໃຫ້ສຸຂະພາບແຂງແຮງ.
591,ຂ້ອຍຮູ້ສຶກວ່າການຮ່ວມງານກັບທີມທີ່ມີຄວາມສັດຊື່ແມ່ນເຮັດໃຫ້ວຽກສຳເລັດໄດ້ດີຂຶ້ນ
592,ຂ້ອຍຈະພະຍາຍາມໃຫ້ສຳເລັດໂຄງການນີ້ໃນເວລາ ເພື່ອໃຫ້ຄູກວດໄດ້ຢ່າງທັນເວລາ
593,ໃນວັນເກີດຂອງຂ້ອຍ ຄອບຄົວຈັດງານຂອງຂວັນໃຫ້ແລະມີຄວາມສຸກຫຼາຍໆ
594,ຍາມເຂົ້າຮຽນ ຂ້ອຍຈະຈົ່ງໆໄປຮຽນແຕ່ເຊົ້າ ແລະຕັ້ງໃຈຟັງຄູສອນທຸກວິຊາ
595,ຂ້ອຍຄິດວ່າຄວາມຮັບຜິດຊອບແມ່ນສິ່ງສໍາຄັນທີ່ທຸກຄົນຄວນມີເມື່ອເຮັດວຽກຮ່ວມກັນ
596,ພໍເຖິງເວລາພັກຂອງວັນ ຂ້ອຍຊອບເດີນຫນ້ອຍໆຫຼືນັ່ງຟັງເພງຢູ່ສວນສາທາລະນະ
597,ຂ້ອຍມີຄວາມຝັນວ່າຈະເປັນນັກພັດທະນາແອັບໃນອະນາຄົດ ແລະເຮັດແອັບທີ່ເຮັດໃຫ້ຊີວິດຄົນງ່າຍຂຶ້ນ
598, ເມື່ອເຖິງວັນເສົາ ຂ້ອຍມັກໃຊ້ເວລາໃນການຊັກເສື້ອຜ້າ ແລະຈັດຫ້ອງໃຫ້ເປັນລະບຽບ
599,ມື້ກ່ອນນີ້ຂ້ອຍໄດ້ໄປບໍລິຈາກເລືອດທີ່ໂຮງໝໍ ເພາະມັນເປັນກິດຈະກຳທີ່ມີປະໂຫຍດໃຫ້ຜູ້ອື່ນ
600,ຂ້ອຍມັກເບິ່ງຂ່າວໃນຍາມແຊງເພື່ອຕິດຕາມສະຖານການຂອງປະເທດແລະໂລກ
601,ເມື່ອມີບັນຫາໃນການເຮັດວຽກ ຂ້ອຍມັກຫາທາງແກ້ໂດຍປຶກສາກັບໝູ່ຮ່ວມງານ
602,ຖ້າມີສິ່ງໜຶ່ງທີ່ຂ້ອຍຢາກໄດ້ ຂ້ອຍຈະຕ້ອງລົງແຮງທຸກຢ່າງເພື່ອບັນລຸມັນ
603,ຂ້ອຍຮູ້ວ່າການຈັດການເວລາແມ່ນກະບວນການທີ່ຕ້ອງຝຶກຝົນແລະໃຊ້ຄວາມອົດທົນ
604,ທຸກມື້ຂ້ອຍພະຍາຍາມສ້າງຄວາມສຳພັນດີກັບຄົນຮອບຂ້າງມັນກໍເປັນອີກຄວາມສຸກທີ່ເກີດຂຶ້່ນງ່າຍໆ
605,ຂ້ອຍເຂົ້າໃຈແລ້ວວ່າຄວາມສຳເລັດບໍ່ໄດ້ມາງ່າຍໆ ແຕ່ກໍ່ບໍ່ໄດ້ຍາກຈົນເກີນໄປຖ້າພະຍາຍາມ
606,ບາງຄັ້ງຄໍາຕິຊົມແມ່ນຢາດີ ທີ່ຊ່ວຍໃຫ້ຂ້ອຍໄດ້ທົດສອບແລະແກ້ໄຂຕົນເອງ
607,ຂ້ອຍຕ້ອງການເວລາເພື່ອໄດ້ເຂົ້າໃຈວ່າຫຼາຍຢ່າງທີ່ຂ້ອຍໄດ້ຜ່ານມາ ແມ່ນສອນໃຫ້ຂ້ອຍເກັບປະສົບການ
608, ເມື່ອຂ້ອຍມີຄວາມສຸກ ຂ້ອຍມັກແບ່ງປັນໃຫ້ຄົນອື່ນ ເພາະສິ່ງນີ້ເຮັດໃຫ້ຊີວິດດີຂື້ນ
609,ຂ້ອຍຮູ້ສຶກວ່າການເປັນນັກຮຽນຄືການຮັບຜິດຊອບຕໍ່ອະນາຄົດຂອງຕົນເອງ
610,ການລົງທຶນໃນຄວາມຮູ້ແມ່ນການລົງທຶນທີ່ມີຄຸນຄ່າແລະມີຜົນຕອບແທນທີ່ດີທີ່ສຸດ
611, ໃນທຸກຂັ້ນຕອນຂອງຊີວິດ ຂ້ອຍຈະຈໍາໄວ້ວ່າຄວາມດີຈະບໍ່ເຄີຍເສຍເປົ້າໝາຍ
612,ບໍ່ມີຄວາມສຳເລັດໃດເກີດຂຶ້ນໄດ້ ຖ້າບໍ່ໄດ້ພະຍາຍາມແລະຝຶກຝົນຢ່າງຕໍ່ເນື່ອງ
613,ຄວາມລົ້ມເຫຼວບໍ່ແມ່ນບົດສຸດທ້າຍ ມັນແມ່ນບົດຮຽນໃນການເລີ່ມໃໝ່
614,ສະບາຍດີ ເຈົ້າກິນເຂົ້າແລ້ວບໍ?
615,ມື້ນີ້ເຮົາຈະໄປຕະຫຼາດ ເຈົ້າຢາກໄປນຳບໍ?
616,ຂໍໂທດເດີ ມື້ນີ້ເຮົາອາດຈະມາຮອດຊ້າໜ້ອຍໜຶ່ງ.
617,ຝົນກຳລັງຈະຕົກ ໄປໃສຟ້າວໄປຟ້າວມາເດີ
618,ເຈົ້າຊື້ເຄື່ອງໃນອອນໄລນ໌ບໍ? ບໍ່ແພງບໍ?
619,ມື້ນີ້ເຮົາໄປກິນຂ້າວທີ່ຮ້ານເກົາຫຼີກັນເດີ.
620,ຂ້ອຍມີເລື່ອງຈະເລົ່າໃຫ້ເຈົ້າຟັງ ມັນໜ້າສົນໃຈຫຼາຍ.
621, ເຈົ້າໄດ້ຮັບຂ່າວຈາກໂຮງຮຽນບໍ? ມື້ອື່ນສອບເສັງແລ້ວ
622,ມື້ອື່ນເຮົາຈະອອກແຕ່ເຊົ້າ ຢ່າລືມແຕ່ງໂຕໃຫ້ພ້ອມ
623,ເວລາເຈົ້າມີບັນຫາ ສາມາດບອກເຮົາໄດ້ເລີຍ
624,ຂ້ອຍຂໍໃຫ້ເຈົ້າມີວັນດີໆແລະຫົວໃຈສົດໃສຕະຫຼອດມື້
625,ມື້ນີ້ໄປເຮັດວຽກເຫື່ອຍບໍ? ເວົ້າໃຫ້ຟັງແນ່
626,ຄືນນີ້ມີຫຍັງໜ້າສົນໃຈໃຫ້ເບິ່ງບໍ?
627, ເຈົ້າຮູ້ບໍວ່າຮ້ານນັ້ນກໍາລັງລົດລາຄາລົງຫຼາຍ
628, ຂ້ອຍກໍາລັງຮຽນເຮັດອາຫານອີຕາລີ ບໍ່ຮູ້ຈະສຳເລັດບໍ່
629,ຂ້ອຍໄດ້ຍິນວ່າເຈົ້າກຳລັງຈະເລີ່ມທຳທຸລະກິດ ແມ່ນບໍ?
630,ຢາກໄປທ່ຽວທະເລບໍ່? ຊ່ວງນີ້ອາກາດດີເລີຍ.
631, ມື້ນີ້ຂ້ອຍລືມເອົາໂທລະສັບມາ ຊ່ວຍໂທໃຫ້ແນ່
632,ຂ້ອຍກຳລັງເຮັດວຽກບ້ານ ບໍ່ມີເວລາໄປໃສເດີ
633,ເຈົ້າມັກຟັງເພງປະເພດໃດ ແນະນຳຂ້ອຍໄດ້ບໍ່
634,ຂ້ອຍຮູ້ສຶກວ່າມື້ນີ້ເວລາຜ່ານໄປໄວໆອີຫຼີ
635,ຄືນນີ້ມານອນທີ່ບ້ານຂ້ອຍໄດ້ເດີ ຂ້ອຍເຮັດອາຫານໄວ້ແລ້ວ
636, ຂໍຂອບໃຈເຈົ້າຫຼາຍໆ ທີ່ຊ່ວຍຂ້ອຍໃນມື້ນັ້ນ
637,ເວລາຢູ່ກັບເຈົ້າ ມັນຮູ້ສຶກສະບາຍໃຈແທ້ໆ
638,ຂ້ອຍຄິດວ່າພວກເຮົາຄວນເລີ່ມຫຼັກແຜນການເດີນທາງແລ້ວ
639,ມື້ນີ້ເຈົ້າແຕ່ງໂຕງາມຫຼາຍ ມີນັດກັບໃຜບໍ?
640,ຂ້ອຍຢາກຮຽນຮູ້ວິທີເຮັດວຽກອອນໄລນ໌ໃຫ້ດີ
641,ເວລາຄົນໃດເຂົ້າໃຈເຮົາ ເຮົາຈະຮູ້ສຶກອົບອຸ່ນໃຈຫຼາຍ
642, ສຸດທ້າຍແລ້ວ ຈົ່ງດູແລຕົນເອງ ແລະມີຄວາມສຸກໃນທຸກມື້
643,ຂ້ອຍຄິດຮອດເຈົ້າ ເວລາບໍ່ໄດ້ພົບກັນຫຼາຍມື້.
644,ຈົ່ງຈື່ຈຳໄວ້ວ່າ ຄວາມດີທີ່ເຮົາເຮັດວັນນີ້ ອາດຈະເປັນແຮງບັນດານໃຈຂອງຄົນຫຼາຍໆໃນມື້ໜ້າ
645,ຄວາມຝັນຈະບໍ່ເປັນຈິງໄດ້ ຖ້າເຮົາບໍ່ລົງມືເຮັດ ແລະກວນພຽງພະຍາມຢ່າງສະໝໍ່າສະເໝີ
646,ຊີວິດບໍ່ໄດ້ດີຂຶ້ນໂດຍບັງເອີນ ແຕ່ໂດຍຄວາມພຽງພະຍາມ ແລະຈິດໃຈທີ່ບໍ່ຍອມແພ້
647,ຄົນສຳເລັດບໍ່ແມ່ນຄົນທີ່ບໍ່ເຄີຍຜິດພາດ ແຕ່ແມ່ນຄົນທີ່ຮູ້ຈັກຮຽນຮູ້ຈາກຜິດພາດແລ້ວຍືນຂຶ້ນໃໝ່
648,ຄວາມສຸກທີ່ແທ້ຈິງບໍ່ແມ່ນການມີຫຼາຍ ແຕ່ແມ່ນການພໍໃຈກັບສິ່ງທີ່ຕົນເອງມີ
649,ຈົ່ງເປັນຄົນທີ່ເຮັດໃຫ້ຄົນອື່ນຍິ້ມໄດ້ເພາະຄຳເວົ້າ ແລະການກະທຳຂອງເຈົ້າ
650,ເວລາມີປັນຫາ ຈົ່ງມອງວ່ານັ້ນແມ່ນໂອກາດໃນການເຕີບໂຕ ບໍ່ແມ່ນເພີ່ງຫຼີກໜີ
651,ໃຫ້ເວລາກັບຕົນເອງທຸກມື້ ເພື່ອທົບທວນສິ່ງທີ່ໄດ້ເຮັດ ແລະພັດທະນາຕົນເອງໃຫ້ດີຂຶ້ນ
652,ຢ່າປຽບທຽບຕົນເອງກັບຄົນອື່ນ ແຕ່ຈົ່ງປຽບທຽບຕົນເອງກັບວັນວານຂອງເຮົາແທນ
653,ຄວາມດີແມ່ນສິ່ງທີ່ບໍ່ຕ້ອງໂຄສະນາ ເພາະມັນຈະສະທ້ອນອອກມາຈາກການກະທຳຂອງເຮົາເອງ
654,ຈົ່ງຮັກແລະໃຫ້ກຳລັງໃຈກັບຕົນເອງ ເພາະຊີວິດແມ່ນຂອງເຮົາ ແລະຫາຍເປັນຄົນຫຼັກໃນການນໍາທາງ
655,ເວລາເປັນຂອງມີຄ່າ ໃຊ້ມັນໃນສິ່ງທີ່ທໍາໃຫ້ເຮົາມີຄວາມສຸກ ແລະມີຈຸດມຸ່ງໝາຍ
656,ການໃຊ້ຊີວິດຢ່າງມີສະຕິ ແມ່ນການຮັບຜິດຊອບຕໍ່ຄວາມຄິດ ແລະການກະທຳຂອງເຮົາ
657,ຢ່າເສຍເວລາໃນການຖືຄວາມຮຽບແຄ້ນ ເພາະມັນຈະເຮັດໃຫ້ໃຈເຮົາໜັກເທົ່າທີ່ຢູ່
658,ຊີວິດບໍ່ແນ່ນອນ ຈົ່ງໃຊ້ທຸກວັນຂອງເຮົາໃຫ້ຄຸ້ມຄ່າ ແລະເຕັມໄປດ້ວຍຄວາມໝາຍ
659,ມິດຕະພາບທີ່ແທ້ຈິງ ບໍ່ແມ່ນຢູ່ທີ່ການຢູ່ກັນທຸກມື້ ແຕ່ແມ່ນຢູ່ທີ່ເວລາເຮົາລົ້ມແລ້ວຍັງຍືນຢູ່ຂ້າງເຮົາໄດ້
660,ຄົນທີ່ເຮົາເອີ້ນວ່າໝູ່ແທ້ໆ ແມ່ນຄົນທີ່ຍິນດີກັບຄວາມສຳເລັດຂອງເຮົາ ແລະບໍ່ລະຖິ້ມເມື່ອເຮົາຫມົດກຳລັງໃຈ
661,ຄວາມໝາຍຂອງມິດຕະພາບ ບໍ່ໄດ້ຢູ່ທີ່ເວລາທີ່ໃຊ້ຮ່ວມກັນ ແຕ່ແມ່ນຄວາມເຂົ້າໃຈ ແລະຄວາມເປັນຫ່ວງໄຍຈິດໃຈຂອງກັນແລະກັນ
662,ບາງຄັ້ງຄວາມງຽບຂອງໝູ່ກໍເປັນຄໍາປອບໃຈທີ່ດີທີ່ສຸດ ເພາະພວກເຂົາຢູ່ຕຽງຂ້າງເຮົາໂດຍບໍ່ຕ້ອງອະທິບາຍຫຍັງຫຼາຍ
663,ເວລາມີຄວາມສຸກ ມັກມີຄົນຫຼາຍຢູ່ຮອບຂ້າງ ແຕ່ເວລາມີນໍ້າຕາ ພຽງແຕ່ໝູ່ທີແທ້ຈິງຍັງຢູ່ກັບເຮົາ
664,ມິດຕະພາບທີ່ແທ້ຈິງ ບໍ່ແມ່ນຢູ່ທີ່ຈໍານວນເວລາທີ່ຢູ່ກັນ ແຕ່ແມ່ນຄວາມເຂົ້າໃຈ ແລະການຢືນຢັນໃນຊ່ວງເວລາທີ່ຫນັກໜ່ວງທີ່ສຸດ
665,ບໍ່ມີຄວາມສຸກໃດຈະຍິ່ງໃຫຍ່ໄປກວ່າການມີໝູ່ທີ່ຈິງໆຢູ່ໃນຊີວິດ ເຊິ່ງເຂົາຢູ່ຂ້າງເຮົາໃນທຸກສະພາບ
666,ພວກເຮົາບໍ່ຈໍາເປັນຕ້ອງມີໝູ່ຫຼາຍຄົນ ຂໍແຕ່ໃຫ້ເປັນຄົນທີ່ຢູ່ກັບເຮົາຈິງໆ ແລະຮັບໃນຕົວຕົນເຮົາໄດ້
667,ໝູ່ທີ່ດີ ແມ່ນຄົນທີ່ກະກຽມຢູ່ເຄີຍເຮົາ ເມື່ອເຮົາຮູ້ສຶກເຫງົາ ແລະໃຫ້ກໍາລັງໃຈໄດ້ເທື່ອທີ່ຈໍາເປັນ
668,ບໍ່ຈໍາເປັນຕ້ອງໂຕດຕໍ່ກັນທຸກມື້ ແຕ່ຄວາມເຂົ້າໃຈລະຫວ່າງໝູ່ ຄືສິ່ງທີ່ເຮັດໃຫ້ມິດຕະພາບຢູ່ຄົງຍືນຍາວ
669,ບາງຄັ້ງ ການມີໝູ່ທີ່ຟັງເຮົາໂດຍບໍ່ຕັດສິນ ກໍເປັນການຊ່ວຍເຫຼືອທີ່ຍິ່ງໃຫຍ່ກວ່າການໃຫ້ຄໍາແນະນໍາ
670,ມິດຕະພາບບໍ່ໄດ້ເກີດຂຶ້ນໃນຄືນດຽວ ແຕ່ເກີດຈາກຄວາມໄວ້ວາງໃຈ ແລະການດູແລກັນແລະກັນໃນທຸກໆວັນ
671,ໝູ່ຄືຄົນທີ່ເຫັນຄວາມດີໃນເຮົາ ແມ້ໃນເວລາທີ່ເຮົາຍັງເຫັນຕົນເອງບໍ່ຊັດ
672,ຊີວິດຈະບໍ່ມີຄ່າຫາກບໍ່ໄດ້ແບ່ງປັນຄວາມສຸກ ແລະນໍ້າຕາໃຫ້ກັບຄົນທີ່ເຮົາຮັກແລະໄວ້ໃຈ
673, ໝູ່ບາງຄົນຢູ່ບໍ່ໄດ້ນານ ແຕ່ປາກົດໃນຊີວິດເພື່ອສອນຫຼາຍຢ່າງໃຫ້ເຮົາເຕີບໃຫຍ່
674,ການຮຽນຮູ້ບໍ່ໄດ້ຢຸດຢູ່ໃນຫ້ອງຮຽນເທົ່ານັ້ນ ແຕ່ມັນເປັນຂະບວນການຕໍ່ເນື່ອງຕະຫຼອດຊີວິດຂອງຄົນເຮົາ
675,ທຸກຄັ້ງທີ່ເຮົາຜິດພາດ ມັນແມ່ນໂອກາດໃຫ້ຮຽນຮູ້ ແລະປັບປຸງຕົນເອງໃຫ້ດີຂຶ້ນໃນຄັ້ງຕໍ່ໄປ
676,ການຮຽນຮູ້ບໍ່ແມ່ນການຈື່ຈໍາເນື້ອໃນແຕ່ແມ່ນການເຂົ້າໃຈ ແລະຮູ້ຈັກນໍາໃຊ້ໃນຊີວິດຈິງໄດ້ຢ່າງມີປະສິດທິພາບ
677,ຄົນທີ່ຮຽນຮູ້ຈາກຄວາມລົ້ມເຫຼວ ແມ່ນຄົນທີ່ຈະເຕີບໂຕໄດ້ໄວ ແລະມີພັດທະນາຢ່າງຍືນຍາວ
678,ຄວາມຮູ້ບໍ່ມີຂອບເຂດ ຍິ່ງເຮົາຮຽນຫຼາຍ ຍິ່ງເຮົາເຫັນໂລກກວ້າງໃຫຍ່ ແລະເຂົ້າໃຈຜູ້ຄົນຫຼາຍຂື້ນ
679,ຢ່າເສຍເວລາໄປກັບການຄິດວ່າເຮົາຢູ່ບໍ່ໄດ້ ແຕ່ຈົ່ງໃຊ້ເວລານັ້ນໃນການຮຽນວິທີໃຫມ່ໆໃນການດໍາລົງຊີວິດ
680,ຄວາມຮູ້ແທ້ຈິງບໍ່ແມ່ນສິ່ງທີ່ໃຜສອນໄດ້ ແຕ່ແມ່ນສິ່ງທີ່ຕ້ອງຮຽນຈາກປະສົບການແລະການກະທໍາ
681,ຄົນທີ່ສຳເລັດ ບໍ່ໄດ້ເກີດຈາກຄວາມສາມາດແຕ່ງເດີມ ແຕ່ເກີດຈາກຄວາມພຽງພອນແລະການຮຽນຮູ້ຢ່າງຕໍ່ເນື່ອງ
682,ເມື່ອເຮົາຮຽນຮູ້ບໍ່ຢຸດ ຄວາມພັດທະນາຂອງເຮົາກໍຈະບໍ່ຢຸດເຊັ່ນກັນ
683,ຢ່າລະອາຍທີ່ຖາມຄຳຖາມ ເພາະຄຳຖາມແມ່ນກະແຈທີ່ເປີດປະຕູໃຫ້ເຂົ້າໃຈຫຼາຍຂຶ້ນ
684,ການຮຽນຮູ້ຄືການຕື່ມເຕີມປັນຍາໃຫ້ຕົນເອງ ແລະເປັນຄວາມຮູ້ທີ່ບໍ່ມີໃຜລັກໄປໄດ້
685,ທຸກມື້ແມ່ນໂອກາດໃໝ່ໃນການຮຽນຮູ້ສິ່ງໃໝ່ໆ ແລະປັບປຸງຕົນເອງໃຫ້ດີຂື້ນກວ່າເກົ່າ
686, ຄວາມຮູ້ບໍ່ແມ່ນຂອງທີ່ຕັ້ງຢູ່ນິ່ງໆ ແຕ່ແມ່ນສິ່ງທີ່ເຮົາຈໍາເປັນຕ້ອງເຄື່ອນໄຫວໄປຫາມັນ
687,ຢ່າຢຸດຮຽນເພື່ອຄວາມສົມບູນຂອງຊີວິດ ເພາະການຮຽນຮູ້ແມ່ນຄວາມລໍາລວນສໍາລັບຄົນທີ່ຕ້ອງການກ້າວໜ້າ
688, ໃນໂລກທີ່ປ່ຽນແປງຢ່າງລົວໄວ ຄົນທີ່ຮຽນໄດ້ໄວທີ່ສຸດແມ່ນຄົນທີ່ຈະຢູ່ລອດໄດ້ດີທີ່ສຸດ
689,ການຮຽນຮູ້ບໍ່ໄດ້ຕ້ອງໃຊ້ເງິນຫຼາຍ ແຕ່ຕ້ອງໃຊ້ໃຈແລະຄວາມອົດທົນຫຼາຍກວ່າ
690, ເຮົາບໍ່ໄດ້ເກີດມາພ້ອມຄວາມຮູ້ ແຕ່ເຮົາສາມາດຮຽນໄດ້ທຸກຢ່າງຖ້າມີແຮງຈົນໃຈຈິງ
691,ຄົນທີ່ຮຽນຮູ້ທຸກມື້ ຄືຄົນທີ່ກໍ່ສ້າງອະນາຄົດຂອງໂລກໃຫ້ດີຂຶ້ນໃນທຸກມື້
692,ຢຸດຮຽນເພາະຄິດວ່າຮູ້ພຽງພໍ ແຕ່ຈົ່ງຮຽນເພາະເປັນຄວາມສຸກແລະເປັນກຽດໃຫ້ຕົນເອງ
693,ຄວາມຮູ້ທີ່ມີຄ່າທີ່ສຸດແມ່ນສິ່ງທີ່ເຮົາໄດ້ຈາກປະສົບການຕົວເອງ ແລະເຮັດໃຫ້ເຮົາເຕີບໂຕໄດ້ຢ່າງແທ້ຈິງ
694,ສະບາຍດີເດີ ບໍ່ໄດ້ເຫັນດົນຫຼາຍ ຄິດຮອດເຈົ້າຫຼາຍເດ້ ຊ່ວງນີ້ໄດ້ຢູ່ດີບໍ?
695,ຂ້ອຍວາງແຜນຈະໄປທ່ຽວເດືອນໜ້າ ບໍ່ຮູ້ວ່າສົນໃຈຢາກໄປດ້ວຍກັນບໍ?
696,ໃຜໆກໍຄວນເອົາໃຈໃສ່ສຸຂະພາບຂອງຕົນເອງ ເພາະວ່າສຸຂະພາບແມ່ນຂອງຂັວນທີ່ສຳຄັນທີ່ສຸດ
697,ຂ້ອຍວ່າພວກເຮົາຄວນຈະຈັດງານພົບປະເພື່ອນເກົ່າ ເພາະດົນແລ້ວບໍ່ໄດ້ເຈີກັນ
698,ໃນຄວາມສຳເລັດທຸກຢ່າງຂອງມະນຸດ ມັນເລີ່ມຈາກຄວາມພະຍາຍາມນ້ອຍໆທີ່ສະສົມຕະຫຼອດເວລາ
699,ມື້ນີ້ເຮົາມີວຽກຢ່າງຫຼາຍ ແຕ່ກໍຈະພະຍາຍາມເຮັດໃຫ້ສຳເລັດໃນເວລາທີ່ກຳນົດໄວ້
700,ຕັ້ງແຕ່ເຮົາຮຽນຮູ້ທີ່ຈະຍອມຮັບຕົນເອງ ຊີວິດມັນກໍເບົາລົງຫຼາຍເລີຍ
701,ທຸກຄັ້ງທີ່ເຮົາລົ້ມແຫຼວ ມັນແມ່ນແນວທາງໃຫ້ຮຽນຮູ້ວ່າຈະລຸກຂຶ້ນໄດ້ແນວໃດ
702, ບາງຄັ້ງການຢຸດຢືນຢູ່ກັບຄວາມງຽບ ກໍແມ່ນຄຳຕອບທີ່ດີທີ່ສຸດໃນສະຖານການບາງຢ່າງ
703,ຂ້ອຍມັກຈະນັ່ງຄິດຫຼາຍເກີນໄປ ແລະບາງຄັ້ງມັນກໍເຮັດໃຫ້ເຮົາພາດໂອກາດດີໆໄປ
704, ທຸກມື້ທີ່ຕື່ນຂຶ້ນມາໄດ້ ກໍແມ່ນໂອກາດໃໝ່ທີ່ຈະເລີ່ມຕົ້ນສິ່ງດີໆໃນຊີວິດ
705,ເວລາໄດ້ຢູ່ກັບຄົນທີ່ເຂົ້າໃຈ ເຖິງຈະບໍ່ໄດ້ເຮັດຫຍັງ ມັນກໍມີຄວາມໝາຍ
706,ຂໍໃຫ້ຄວາມພະຍາຍາມຂອງເຮົາມື້ນີ້ ກາຍເປັນຄວາມສຳເລັດໃນວັນຂ້າງໜ້າ
